209, 208, 210, 211, 1.74789
209, 208, 211, 212, 0.380437
209, 208, 212, 213, 0.138073
209, 208, 213, 214, 0.0633887
209, 208, 214, 215, 0.0345648
209, 208, 215, 216, 0.0209729
210, 208, 217, 219, 0.0412451
210, 208, 218, 220, 0.0307969
210, 208, 219, 221, 0.0235769
210, 208, 220, 222, 0.0182497
210, 208, 221, 223, 0.0143314
210, 208, 222, 224, 0.0111674
211, 208, 224, 227, 0.016801
211, 208, 225, 228, 0.0142787
211, 208, 226, 229, 0.0115677
211, 208, 227, 230, 0.00983856
211, 208, 228, 231, 0.00842715
211, 208, 229, 232, 0.00731561
212, 208, 231, 235, 0.00983197
212, 208, 232, 236, 0.00843196
212, 208, 233, 237, 0.00739658
212, 208, 234, 238, 0.00671139
212, 208, 235, 239, 0.0059379
213, 208, 238, 243, 0.00658693
213, 208, 239, 244, 0.00610116
213, 208, 242, 247, 0.00434561
213, 208, 243, 248, 0.00391895
210, 209, 211, 212, 1.7278
210, 209, 212, 213, 0.378021
210, 209, 213, 214, 0.139639
210, 209, 214, 215, 0.0630393
210, 209, 215, 216, 0.0346097
210, 209, 216, 217, 0.0206104
211, 209, 218, 220, 0.0420395
211, 209, 219, 221, 0.0314088
211, 209, 220, 222, 0.0235888
211, 209, 221, 223, 0.0186188
211, 209, 222, 224, 0.0144756
211, 209, 223, 225, 0.0113313
212, 209, 225, 228, 0.016843
212, 209, 226, 229, 0.0140256
212, 209, 227, 230, 0.0119116
212, 209, 228, 231, 0.00977788
212, 209, 229, 232, 0.00842303
212, 209, 230, 233, 0.0071007
213, 209, 232, 236, 0.00966763
213, 209, 233, 237, 0.00846517
213, 209, 234, 238, 0.00749446
213, 209, 235, 239, 0.00656153
214, 209, 239, 244, 0.00664422
214, 209, 242, 247, 0.004787
214, 209, 243, 248, 0.00431786
211, 210, 212, 213, 1.67788
211, 210, 213, 214, 0.383064
211, 210, 214, 215, 0.138854
211, 210, 215, 216, 0.0624512
211, 210, 216, 217, 0.0343674
211, 210, 217, 218, 0.0208961
212, 210, 219, 221, 0.0434958
212, 210, 220, 222, 0.0318613
212, 210, 221, 223, 0.0238087
212, 210, 222, 224, 0.0184093
212, 210, 223, 225, 0.0144026
212, 210, 224, 226, 0.0113154
213, 210, 226, 229, 0.0171225
213, 210, 227, 230, 0.0141176
213, 210, 228, 231, 0.0115836
213, 210, 229, 232, 0.0100172
213, 210, 230, 233, 0.00850659
213, 210, 231, 234, 0.00715745
214, 210, 233, 237, 0.00960957
214, 210, 234, 238, 0.00851777
214, 210, 235, 239, 0.00746064
214, 210, 238, 242, 0.00518999
215, 210, 242, 247, 0.00520852
215, 210, 243, 248, 0.00460319
212, 211, 213, 214, 1.82835
212, 211, 214, 215, 0.396284
212, 211, 215, 216, 0.137072
212, 211, 216, 217, 0.0638258
212, 211, 217, 218, 0.0347102
212, 211, 218, 219, 0.0220735
213, 211, 220, 222, 0.0447948
213, 211, 221, 223, 0.032846
213, 211, 222, 224, 0.0244111
213, 211, 223, 225, 0.0181032
213, 211, 224, 226, 0.0140144
213, 211, 225, 227, 0.0111711
214, 211, 227, 230, 0.0167289
214, 211, 228, 231, 0.0140183
214, 211, 229, 232, 0.011905
214, 211, 230, 233, 0.0097607
214, 211, 231, 234, 0.00847354
214, 211, 232, 235, 0.00710087
215, 211, 234, 238, 0.00972761
215, 211, 235, 239, 0.00851091
215, 211, 238, 242, 0.00574974
215, 211, 239, 243, 0.0052745
216, 211, 242, 247, 0.00585691
216, 211, 243, 248, 0.00513982
213, 212, 214, 215, 1.73971
213, 212, 215, 216, 0.378214
213, 212, 216, 217, 0.139542
213, 212, 217, 218, 0.0631572
213, 212, 218, 219, 0.0366561
213, 212, 219, 220, 0.0234227
214, 212, 221, 223, 0.0450377
214, 212, 222, 224, 0.032885
214, 212, 223, 225, 0.0239086
214, 212, 224, 226, 0.0183657
214, 212, 225, 227, 0.0143205
214, 212, 226, 228, 0.011344
215, 212, 228, 231, 0.0172986
215, 212, 229, 232, 0.0140796
215, 212, 230, 233, 0.0116824
215, 212, 231, 234, 0.00987886
215, 212, 232, 235, 0.00823846
215, 212, 233, 236, 0.00719679
216, 212, 235, 239, 0.00989752
216, 212, 238, 242, 0.0067051
216, 212, 239, 243, 0.00585356
217, 212, 242, 247, 0.00636903
217, 212, 243, 248, 0.00578546
214, 213, 215, 216, 1.83514
214, 213, 216, 217, 0.386748
214, 213, 217, 218, 0.140358
214, 213, 218, 219, 0.0676267
214, 213, 219, 220, 0.0377463
214, 213, 220, 221, 0.0240239
215, 213, 222, 224, 0.0468027
215, 213, 223, 225, 0.0333574
215, 213, 224, 226, 0.024114
215, 213, 225, 227, 0.0181121
215, 213, 226, 228, 0.0140918
215, 213, 227, 229, 0.0111541
216, 213, 229, 232, 0.0171271
216, 213, 230, 233, 0.01374
216, 213, 231, 234, 0.011826
216, 213, 232, 235, 0.00974751
216, 213, 233, 236, 0.0083548
216, 213, 234, 237, 0.00722988
217, 213, 238, 242, 0.00752553
217, 213, 239, 243, 0.00663324
218, 213, 243, 248, 0.0062797
215, 214, 216, 217, 1.69087
215, 214, 217, 218, 0.370572
215, 214, 218, 219, 0.13943
215, 214, 219, 220, 0.069616
215, 214, 220, 221, 0.0399401
215, 214, 221, 222, 0.0243959
216, 214, 223, 225, 0.04696
216, 214, 224, 226, 0.0334196
216, 214, 225, 227, 0.0246578
216, 214, 226, 228, 0.0183417
216, 214, 227, 229, 0.0143859
216, 214, 228, 230, 0.0115381
217, 214, 230, 233, 0.0174802
217, 214, 231, 234, 0.0140478
217, 214, 232, 235, 0.0117903
217, 214, 233, 236, 0.0100077
217, 214, 234, 237, 0.00849043
217, 214, 235, 238, 0.00731801
218, 214, 238, 242, 0.00880927
218, 214, 239, 243, 0.00747518
218, 214, 242, 246, 0.00531942
216, 215, 217, 218, 1.89459
216, 215, 218, 219, 0.40933
216, 215, 219, 220, 0.155262
216, 215, 220, 221, 0.0748936
216, 215, 221, 222, 0.0418275
216, 215, 222, 223, 0.0251446
217, 215, 224, 226, 0.0475223
217, 215, 225, 227, 0.0344033
217, 215, 226, 228, 0.024902
217, 215, 227, 229, 0.0186062
217, 215, 228, 230, 0.0147566
217, 215, 229, 231, 0.0116592
218, 215, 231, 234, 0.0176595
218, 215, 232, 235, 0.0146359
218, 215, 233, 236, 0.0118968
218, 215, 234, 237, 0.0100203
218, 215, 235, 238, 0.00879569
218, 215, 236, 239, 0.00743851
219, 215, 238, 242, 0.010505
219, 215, 239, 243, 0.00899415
219, 215, 242, 246, 0.0062063
219, 215, 243, 247, 0.00536524
217, 216, 218, 219, 1.73196
217, 216, 219, 220, 0.408032
217, 216, 220, 221, 0.158128
217, 216, 221, 222, 0.076699
217, 216, 222, 223, 0.0425038
217, 216, 223, 224, 0.0258372
218, 216, 225, 227, 0.0493196
218, 216, 226, 228, 0.0356411
218, 216, 227, 229, 0.0260254
218, 216, 228, 230, 0.0194342
218, 216, 229, 231, 0.0151204
218, 216, 230, 232, 0.0117204
219, 216, 232, 235, 0.0185382
219, 216, 233, 236, 0.0151885
219, 216, 234, 237, 0.012487
219, 216, 235, 238, 0.0104687
219, 216, 236, 239, 0.00909518
220, 216, 239, 243, 0.0109165
220, 216, 242, 246, 0.00712996
220, 216, 243, 247, 0.00617434
220, 216, 244, 248, 0.00542868
218, 217, 219, 220, 1.86865
218, 217, 220, 221, 0.427958
218, 217, 221, 222, 0.164772
218, 217, 222, 223, 0.0789373
218, 217, 223, 224, 0.0444187
218, 217, 224, 225, 0.0271196
219, 217, 226, 228, 0.0535332
219, 217, 227, 229, 0.0380714
219, 217, 228, 230, 0.0271441
219, 217, 229, 231, 0.0211319
219, 217, 230, 232, 0.01572
219, 217, 231, 233, 0.0127652
220, 217, 233, 236, 0.0196709
220, 217, 234, 237, 0.0158782
220, 217, 235, 238, 0.0132574
220, 217, 236, 239, 0.0114764
221, 217, 242, 246, 0.00866276
221, 217, 243, 247, 0.00735907
221, 217, 244, 248, 0.00639418
219, 218, 220, 221, 1.90667
219, 218, 221, 222, 0.45997
219, 218, 222, 223, 0.174935
219, 218, 223, 224, 0.0852981
219, 218, 224, 225, 0.046804
219, 218, 225, 226, 0.0294805
220, 218, 227, 229, 0.055392
220, 218, 228, 230, 0.039128
220, 218, 229, 231, 0.0297032
220, 218, 230, 232, 0.0216845
220, 218, 231, 233, 0.0171386
220, 218, 232, 234, 0.0133777
221, 218, 234, 237, 0.0207365
221, 218, 235, 238, 0.016594
221, 218, 236, 239, 0.0142616
221, 218, 239, 242, 0.00853468
222, 218, 242, 246, 0.0101827
222, 218, 243, 247, 0.00851312
222, 218, 244, 248, 0.00751471
220, 219, 221, 222, 2.0129
220, 219, 222, 223, 0.488868
220, 219, 223, 224, 0.186838
220, 219, 224, 225, 0.0882594
220, 219, 225, 226, 0.0498785
220, 219, 226, 227, 0.0301077
221, 219, 228, 230, 0.0584222
221, 219, 229, 231, 0.0415292
221, 219, 230, 232, 0.029925
221, 219, 231, 233, 0.0229002
221, 219, 232, 234, 0.0173223
221, 219, 233, 235, 0.0137732
222, 219, 235, 238, 0.0212774
222, 219, 236, 239, 0.0174844
222, 219, 239, 242, 0.0104012
223, 219, 242, 246, 0.0117762
223, 219, 243, 247, 0.0101904
223, 219, 244, 248, 0.00857946
221, 220, 222, 223, 2.12357
221, 220, 223, 224, 0.493995
221, 220, 224, 225, 0.188109
221, 220, 225, 226, 0.0925933
221, 220, 226, 227, 0.0503053
221, 220, 227, 228, 0.0314572
222, 220, 229, 231, 0.0601092
222, 220, 230, 232, 0.0427764
222, 220, 231, 233, 0.0300531
222, 220, 232, 234, 0.0232168
222, 220, 233, 235, 0.0181004
222, 220, 234, 236, 0.0139408
223, 220, 236, 239, 0.020889
223, 220, 239, 242, 0.0122264
224, 220, 243, 247, 0.0115191
224, 220, 244, 248, 0.00967732
222, 221, 223, 224, 2.00783
222, 221, 224, 225, 0.48592
222, 221, 225, 226, 0.185229
222, 221, 226, 227, 0.0915646
222, 221, 227, 228, 0.0508898
222, 221, 228, 229, 0.0323509
223, 221, 230, 232, 0.0608677
223, 221, 231, 233, 0.0422337
223, 221, 232, 234, 0.0311597
223, 221, 233, 235, 0.023769
223, 221, 234, 236, 0.0181189
223, 221, 235, 237, 0.0143811
224, 221, 239, 242, 0.0145148
224, 221, 242, 245, 0.00863812
225, 221, 244, 248, 0.0113386
223, 222, 224, 225, 2.16233
223, 222, 225, 226, 0.491615
223, 222, 226, 227, 0.190949
223, 222, 227, 228, 0.0930724
223, 222, 228, 229, 0.0531834
223, 222, 229, 230, 0.0324687
224, 222, 231, 233, 0.0592939
224, 222, 232, 234, 0.0418058
224, 222, 233, 235, 0.0312992
224, 222, 234, 236, 0.0238422
224, 222, 235, 237, 0.0180186
224, 222, 236, 238, 0.0142631
225, 222, 239, 242, 0.0177388
225, 222, 242, 245, 0.0104691
225, 222, 243, 246, 0.00881344
224, 223, 225, 226, 1.98694
224, 223, 226, 227, 0.484153
224, 223, 227, 228, 0.189878
224, 223, 228, 229, 0.0940593
224, 223, 229, 230, 0.0523287
224, 223, 230, 231, 0.0319746
225, 223, 232, 234, 0.0606658
225, 223, 233, 235, 0.0419731
225, 223, 234, 236, 0.0319103
225, 223, 235, 237, 0.0234681
225, 223, 236, 238, 0.0179896
225, 223, 237, 239, 0.0144477
226, 223, 239, 242, 0.0212559
226, 223, 242, 245, 0.0124711
226, 223, 243, 246, 0.0102197
226, 223, 244, 247, 0.00873678
225, 224, 226, 227, 2.09251
225, 224, 227, 228, 0.505763
225, 224, 228, 229, 0.190622
225, 224, 229, 230, 0.0943594
225, 224, 230, 231, 0.0528854
225, 224, 231, 232, 0.0325509
226, 224, 233, 235, 0.0616237
226, 224, 234, 236, 0.0421985
226, 224, 235, 237, 0.0318266
226, 224, 236, 238, 0.0243274
226, 224, 237, 239, 0.0182532
227, 224, 242, 245, 0.0147837
227, 224, 243, 246, 0.0121385
227, 224, 244, 247, 0.0102656
227, 224, 245, 248, 0.00821133
226, 225, 227, 228, 2.14148
226, 225, 228, 229, 0.492959
226, 225, 229, 230, 0.18852
226, 225, 230, 231, 0.0966897
226, 225, 231, 232, 0.0535493
226, 225, 232, 233, 0.0316606
227, 225, 234, 236, 0.061419
227, 225, 235, 237, 0.0437472
227, 225, 236, 238, 0.0313274
227, 225, 237, 239, 0.0236262
228, 225, 242, 245, 0.0176601
228, 225, 243, 246, 0.0145109
228, 225, 244, 247, 0.0122606
228, 225, 245, 248, 0.00979427
227, 226, 228, 229, 2.19913
227, 226, 229, 230, 0.490747
227, 226, 230, 231, 0.195065
227, 226, 231, 232, 0.0932091
227, 226, 232, 233, 0.0531103
227, 226, 233, 234, 0.0333361
228, 226, 235, 237, 0.0607177
228, 226, 236, 238, 0.0437574
228, 226, 237, 239, 0.0317078
229, 226, 242, 245, 0.0219218
229, 226, 243, 246, 0.0177735
229, 226, 244, 247, 0.0143571
229, 226, 245, 248, 0.0115731
228, 227, 229, 230, 2.10248
228, 227, 230, 231, 0.514781
228, 227, 231, 232, 0.191243
228, 227, 232, 233, 0.0968279
228, 227, 233, 234, 0.0539258
228, 227, 234, 235, 0.0326183
229, 227, 236, 238, 0.062391
229, 227, 237, 239, 0.0446549
230, 227, 243, 246, 0.0221943
230, 227, 244, 247, 0.0178818
230, 227, 245, 248, 0.0141445
229, 228, 230, 231, 2.11114
229, 228, 231, 232, 0.48261
229, 228, 232, 233, 0.195242
229, 228, 233, 234, 0.0942906
229, 228, 234, 235, 0.0523758
229, 228, 235, 236, 0.032614
230, 228, 237, 239, 0.0608073
230, 228, 242, 244, 0.0145738
231, 228, 244, 247, 0.0218527
231, 228, 245, 248, 0.0169749
230, 229, 231, 232, 2.00994
230, 229, 232, 233, 0.504204
230, 229, 233, 234, 0.197575
230, 229, 234, 235, 0.0936963
230, 229, 235, 236, 0.0530288
230, 229, 236, 237, 0.0327977
231, 229, 242, 244, 0.0185034
231, 229, 243, 245, 0.014521
232, 229, 245, 248, 0.0210596
231, 230, 232, 233, 2.13322
231, 230, 233, 234, 0.508652
231, 230, 234, 235, 0.195193
231, 230, 235, 236, 0.0948587
231, 230, 236, 237, 0.0534372
231, 230, 237, 238, 0.0332168
232, 230, 242, 244, 0.0250089
232, 230, 243, 245, 0.0187737
232, 230, 244, 246, 0.014541
232, 231, 233, 234, 2.16925
232, 231, 234, 235, 0.49627
232, 231, 235, 236, 0.197125
232, 231, 236, 237, 0.095941
232, 231, 237, 238, 0.0536718
232, 231, 238, 239, 0.0336248
233, 231, 242, 244, 0.0323779
233, 231, 243, 245, 0.024272
233, 231, 244, 246, 0.0187807
233, 231, 245, 247, 0.0147254
233, 232, 234, 235, 2.12122
233, 232, 235, 236, 0.495102
233, 232, 236, 237, 0.196944
233, 232, 237, 238, 0.0972675
233, 232, 238, 239, 0.0543058
234, 232, 242, 244, 0.0448115
234, 232, 243, 245, 0.033058
234, 232, 244, 246, 0.0245147
234, 232, 245, 247, 0.0185613
234, 232, 246, 248, 0.0138016
234, 233, 235, 236, 1.9889
234, 233, 236, 237, 0.492475
234, 233, 237, 238, 0.196302
234, 233, 238, 239, 0.0943316
235, 233, 242, 244, 0.0617849
235, 233, 243, 245, 0.0440319
235, 233, 244, 246, 0.0323918
235, 233, 245, 247, 0.0238113
235, 233, 246, 248, 0.0178031
235, 234, 236, 237, 2.20322
235, 234, 237, 238, 0.511335
235, 234, 238, 239, 0.194698
236, 234, 243, 245, 0.0635034
236, 234, 244, 246, 0.0443459
236, 234, 245, 247, 0.0315782
236, 234, 246, 248, 0.0226096
236, 235, 237, 238, 2.16633
236, 235, 238, 239, 0.512519
236, 235, 242, 243, 0.034127
237, 235, 244, 246, 0.0623331
237, 235, 245, 247, 0.0429818
237, 235, 246, 248, 0.0303465
237, 236, 238, 239, 2.09878
237, 236, 242, 243, 0.055867
237, 236, 243, 244, 0.0338012
238, 236, 245, 247, 0.0610929
238, 236, 246, 248, 0.0419788
238, 237, 242, 243, 0.0985654
238, 237, 243, 244, 0.0550069
238, 237, 244, 245, 0.0342701
239, 237, 246, 248, 0.0592363
239, 238, 242, 243, 0.193571
239, 238, 243, 244, 0.0940267
239, 238, 244, 245, 0.0532833
239, 238, 245, 246, 0.0332993
243, 242, 244, 245, 2.03069
243, 242, 245, 246, 0.486508
243, 242, 246, 247, 0.190022
243, 242, 247, 248, 0.0891863
244, 243, 245, 246, 2.17034
244, 243, 246, 247, 0.503685
244, 243, 247, 248, 0.189372
245, 244, 246, 247, 2.0377
245, 244, 247, 248, 0.46576
246, 245, 247, 248, 1.98425
102, 101, 103, 104, 0.611154
102, 101, 104, 105, 0.210716
102, 101, 105, 106, 0.082983
102, 101, 106, 107, 0.040843
102, 101, 107, 108, 0.0224958
102, 101, 108, 109, 0.0137171
103, 101, 115, 117, 0.0121789
104, 101, 117, 120, 0.0240965
104, 101, 118, 121, 0.0205751
104, 101, 119, 122, 0.0174042
104, 101, 120, 123, 0.0154454
104, 101, 121, 124, 0.013804
104, 101, 122, 125, 0.0124722
105, 101, 124, 128, 0.0167665
105, 101, 125, 129, 0.0144482
105, 101, 126, 130, 0.0127523
105, 101, 127, 131, 0.0110648
105, 101, 128, 132, 0.00989027
105, 101, 129, 133, 0.00861965
106, 101, 131, 136, 0.0104703
106, 101, 132, 137, 0.00937003
106, 101, 133, 138, 0.00826998
106, 101, 134, 139, 0.00721659
106, 101, 135, 140, 0.00648761
106, 101, 136, 141, 0.00588105
107, 101, 138, 144, 0.00657733
107, 101, 139, 145, 0.00592217
107, 101, 140, 146, 0.00542279
107, 101, 141, 147, 0.00491859
107, 101, 142, 148, 0.00435018
103, 102, 104, 105, 1.68876
103, 102, 105, 106, 0.395406
103, 102, 106, 107, 0.144587
103, 102, 107, 108, 0.0676055
103, 102, 108, 109, 0.0375693
103, 102, 109, 110, 0.0211142
104, 102, 115, 117, 0.0202195
104, 102, 116, 118, 0.017492
105, 102, 118, 121, 0.0284084
105, 102, 119, 122, 0.0236459
105, 102, 120, 123, 0.0209611
105, 102, 121, 124, 0.0184564
105, 102, 122, 125, 0.0155189
105, 102, 123, 126, 0.0137936
106, 102, 125, 129, 0.0170446
106, 102, 126, 130, 0.0146708
106, 102, 127, 131, 0.0129537
106, 102, 128, 132, 0.0113164
106, 102, 129, 133, 0.0097403
106, 102, 130, 134, 0.0084326
107, 102, 132, 137, 0.0100554
107, 102, 133, 138, 0.00880098
107, 102, 134, 139, 0.00786558
107, 102, 135, 140, 0.00702871
107, 102, 136, 141, 0.00613624
107, 102, 137, 142, 0.00559635
108, 102, 139, 145, 0.00632693
108, 102, 140, 146, 0.00567657
108, 102, 141, 147, 0.00515433
108, 102, 142, 148, 0.00450353
104, 103, 105, 106, 1.59672
104, 103, 106, 107, 0.327781
104, 103, 107, 108, 0.121095
104, 103, 108, 109, 0.0562331
104, 103, 109, 110, 0.0293158
105, 103, 115, 117, 0.0280395
105, 103, 116, 118, 0.0223884
105, 103, 117, 119, 0.0185479
106, 103, 119, 122, 0.0286759
106, 103, 120, 123, 0.0242144
106, 103, 121, 124, 0.0211628
106, 103, 122, 125, 0.0178331
106, 103, 123, 126, 0.014558
106, 103, 124, 127, 0.0124067
107, 103, 126, 130, 0.015394
107, 103, 127, 131, 0.0131573
107, 103, 128, 132, 0.011481
107, 103, 129, 133, 0.00977451
107, 103, 130, 134, 0.00847749
107, 103, 131, 135, 0.00736729
108, 103, 133, 138, 0.00895921
108, 103, 134, 139, 0.00784294
108, 103, 135, 140, 0.00694698
108, 103, 136, 141, 0.00612559
108, 103, 137, 142, 0.00542636
108, 103, 138, 143, 0.00483599
109, 103, 140, 146, 0.0055338
109, 103, 141, 147, 0.0050258
109, 103, 142, 148, 0.00445347
105, 104, 106, 107, 1.54989
105, 104, 107, 108, 0.334594
105, 104, 108, 109, 0.120207
105, 104, 109, 110, 0.0534356
106, 104, 115, 117, 0.0405636
106, 104, 116, 118, 0.0326768
106, 104, 117, 119, 0.0251698
106, 104, 118, 120, 0.0196851
107, 104, 120, 123, 0.0306345
107, 104, 121, 124, 0.0258622
107, 104, 122, 125, 0.0215298
107, 104, 123, 126, 0.0177829
107, 104, 124, 127, 0.0146522
107, 104, 125, 128, 0.0119208
108, 104, 127, 131, 0.0150641
108, 104, 128, 132, 0.0125773
108, 104, 129, 133, 0.0108673
108, 104, 130, 134, 0.0093138
108, 104, 131, 135, 0.00819913
108, 104, 132, 136, 0.00707063
109, 104, 134, 139, 0.0081785
109, 104, 135, 140, 0.00715846
109, 104, 136, 141, 0.00648773
109, 104, 137, 142, 0.00577337
109, 104, 138, 143, 0.00513248
109, 104, 139, 144, 0.00451914
110, 104, 141, 147, 0.0051617
110, 104, 142, 148, 0.00462961
106, 105, 107, 108, 1.63578
106, 105, 108, 109, 0.331359
106, 105, 109, 110, 0.11284
107, 105, 115, 117, 0.0644396
107, 105, 116, 118, 0.0471064
107, 105, 117, 119, 0.0361764
107, 105, 118, 120, 0.0268541
107, 105, 119, 121, 0.0203298
108, 105, 121, 124, 0.031785
108, 105, 122, 125, 0.026513
108, 105, 123, 126, 0.0213742
108, 105, 124, 127, 0.017119
108, 105, 125, 128, 0.0142204
108, 105, 126, 129, 0.0115069
109, 105, 128, 132, 0.0139851
109, 105, 129, 133, 0.0122509
109, 105, 130, 134, 0.0102575
109, 105, 131, 135, 0.00881664
109, 105, 132, 136, 0.00770962
109, 105, 133, 137, 0.00652775
110, 105, 135, 140, 0.00755175
110, 105, 136, 141, 0.00671119
110, 105, 137, 142, 0.00592452
110, 105, 138, 143, 0.00533662
110, 105, 139, 144, 0.00468782
110, 105, 140, 145, 0.00419607
107, 106, 108, 109, 1.51742
107, 106, 109, 110, 0.319815
108, 106, 115, 117, 0.106161
108, 106, 116, 118, 0.0764839
108, 106, 117, 119, 0.0532059
108, 106, 118, 120, 0.0374682
108, 106, 119, 121, 0.027281
108, 106, 120, 122, 0.0217886
109, 106, 122, 125, 0.0320138
109, 106, 123, 126, 0.0249123
109, 106, 124, 127, 0.0199415
109, 106, 125, 128, 0.0160011
109, 106, 126, 129, 0.013043
109, 106, 127, 130, 0.0106828
110, 106, 129, 133, 0.0128266
110, 106, 130, 134, 0.0111709
110, 106, 131, 135, 0.00948413
110, 106, 132, 136, 0.00831951
110, 106, 133, 137, 0.00689409
110, 106, 134, 138, 0.00616347
108, 107, 109, 110, 1.47329
109, 107, 116, 118, 0.125749
109, 107, 117, 119, 0.082323
109, 107, 118, 120, 0.0542642
109, 107, 119, 121, 0.038424
109, 107, 120, 122, 0.0280264
109, 107, 121, 123, 0.022077
110, 107, 123, 126, 0.0292712
110, 107, 124, 127, 0.0226354
110, 107, 125, 128, 0.0185154
110, 107, 126, 129, 0.0144972
110, 107, 127, 130, 0.0117281
110, 107, 128, 131, 0.00990675
109, 108, 115, 116, 0.075409
110, 108, 117, 119, 0.12165
110, 108, 118, 120, 0.074858
110, 108, 119, 121, 0.0499543
110, 108, 120, 122, 0.0350316
110, 108, 121, 123, 0.0267613
110, 108, 122, 124, 0.0200125
110, 109, 115, 116, 0.134666
110, 109, 116, 117, 0.0847044
115, 110, 140, 145, 0.00187803
115, 110, 141, 146, 0.00170095
115, 110, 142, 147, 0.00147263
115, 110, 143, 148, 0.0013003
116, 115, 117, 118, 1.55613
116, 115, 118, 119, 0.337831
116, 115, 119, 120, 0.125182
116, 115, 120, 121, 0.0581905
116, 115, 121, 122, 0.0333324
116, 115, 122, 123, 0.0219042
117, 115, 124, 126, 0.0407199
117, 115, 125, 127, 0.0296597
117, 115, 126, 128, 0.0216216
117, 115, 127, 129, 0.0163222
117, 115, 128, 130, 0.0125586
117, 115, 129, 131, 0.0102102
118, 115, 131, 134, 0.0152592
118, 115, 132, 135, 0.0127155
118, 115, 133, 136, 0.010368
118, 115, 134, 137, 0.00891397
118, 115, 135, 138, 0.00759422
118, 115, 136, 139, 0.00645693
119, 115, 138, 142, 0.00868171
119, 115, 139, 143, 0.00762737
119, 115, 140, 144, 0.00675244
119, 115, 141, 145, 0.00599689
119, 115, 142, 146, 0.00516725
119, 115, 143, 147, 0.00452252
117, 116, 118, 119, 1.64226
117, 116, 119, 120, 0.345854
117, 116, 120, 121, 0.122256
117, 116, 121, 122, 0.0627091
117, 116, 122, 123, 0.0352609
117, 116, 123, 124, 0.0217627
118, 116, 125, 127, 0.0407459
118, 116, 126, 128, 0.0296037
118, 116, 127, 129, 0.0213425
118, 116, 128, 130, 0.0164048
118, 116, 129, 131, 0.0126163
118, 116, 130, 132, 0.00994661
119, 116, 132, 135, 0.0153288
119, 116, 133, 136, 0.012587
119, 116, 134, 137, 0.0105944
119, 116, 135, 138, 0.00881771
119, 116, 136, 139, 0.00737897
119, 116, 137, 140, 0.0064225
120, 116, 139, 143, 0.00882858
120, 116, 140, 144, 0.00771224
120, 116, 141, 145, 0.00665578
120, 116, 142, 146, 0.00594975
120, 116, 143, 147, 0.00517585
120, 116, 144, 148, 0.00445469
118, 117, 119, 120, 1.50889
118, 117, 120, 121, 0.331269
118, 117, 121, 122, 0.129906
118, 117, 122, 123, 0.0653484
118, 117, 123, 124, 0.036171
118, 117, 124, 125, 0.0219814
119, 117, 126, 128, 0.041306
119, 117, 127, 129, 0.0292001
119, 117, 128, 130, 0.0215965
119, 117, 129, 131, 0.0161981
119, 117, 130, 132, 0.0127293
119, 117, 131, 133, 0.0102518
120, 117, 133, 136, 0.0158443
120, 117, 134, 137, 0.0127452
120, 117, 135, 138, 0.0104654
120, 117, 136, 139, 0.00885019
120, 117, 137, 140, 0.00771862
120, 117, 138, 141, 0.00647214
121, 117, 140, 144, 0.00916387
121, 117, 141, 145, 0.00776403
121, 117, 142, 146, 0.00701813
121, 117, 143, 147, 0.0059295
121, 117, 144, 148, 0.00525981
119, 118, 120, 121, 1.5736
119, 118, 121, 122, 0.360579
119, 118, 122, 123, 0.139057
119, 118, 123, 124, 0.0679098
119, 118, 124, 125, 0.036861
119, 118, 125, 126, 0.0222106
120, 118, 127, 129, 0.0429386
120, 118, 128, 130, 0.0303869
120, 118, 129, 131, 0.0219668
120, 118, 130, 132, 0.0171779
120, 118, 131, 133, 0.0135139
120, 118, 132, 134, 0.0102892
121, 118, 134, 137, 0.016053
121, 118, 135, 138, 0.0133122
121, 118, 136, 139, 0.0110001
121, 118, 137, 140, 0.00918648
121, 118, 138, 141, 0.00800241
121, 118, 139, 142, 0.00677204
122, 118, 141, 145, 0.00962597
122, 118, 142, 146, 0.00830718
122, 118, 143, 147, 0.00718296
122, 118, 144, 148, 0.00600967
120, 119, 121, 122, 1.71562
120, 119, 122, 123, 0.387012
120, 119, 123, 124, 0.145032
120, 119, 124, 125, 0.0700911
120, 119, 125, 126, 0.038463
120, 119, 126, 127, 0.0233508
121, 119, 128, 130, 0.0459923
121, 119, 129, 131, 0.0320535
121, 119, 130, 132, 0.0237995
121, 119, 131, 133, 0.0183352
121, 119, 132, 134, 0.0142222
121, 119, 133, 135, 0.0110214
122, 119, 135, 138, 0.0169226
122, 119, 136, 139, 0.0141063
122, 119, 137, 140, 0.0116568
122, 119, 138, 141, 0.00967349
122, 119, 139, 142, 0.00820353
122, 119, 140, 143, 0.00711185
123, 119, 142, 146, 0.00995071
123, 119, 143, 147, 0.0083517
123, 119, 144, 148, 0.00731682
121, 120, 122, 123, 1.79266
121, 120, 123, 124, 0.416827
121, 120, 124, 125, 0.159262
121, 120, 125, 126, 0.076049
121, 120, 126, 127, 0.041599
121, 120, 127, 128, 0.0258801
122, 120, 129, 131, 0.0490538
122, 120, 130, 132, 0.0343031
122, 120, 131, 133, 0.0259545
122, 120, 132, 134, 0.0192244
122, 120, 133, 135, 0.0151096
122, 120, 134, 136, 0.0114632
123, 120, 136, 139, 0.0176425
123, 120, 137, 140, 0.0149742
123, 120, 138, 141, 0.0121177
123, 120, 139, 142, 0.0104649
123, 120, 140, 143, 0.00887199
123, 120, 141, 144, 0.00761656
124, 120, 143, 147, 0.0100224
124, 120, 144, 148, 0.00846768
122, 121, 123, 124, 1.94002
122, 121, 124, 125, 0.437017
122, 121, 125, 126, 0.164216
122, 121, 126, 127, 0.0800698
122, 121, 127, 128, 0.0460143
122, 121, 128, 129, 0.0273322
123, 121, 130, 132, 0.0509635
123, 121, 131, 133, 0.0373669
123, 121, 132, 134, 0.0272611
123, 121, 133, 135, 0.0206287
123, 121, 134, 136, 0.0156405
123, 121, 135, 137, 0.0120143
124, 121, 137, 140, 0.0185319
124, 121, 138, 141, 0.0150254
124, 121, 139, 142, 0.0124727
124, 121, 140, 143, 0.0108675
124, 121, 141, 144, 0.00890619
124, 121, 142, 145, 0.00761138
125, 121, 144, 148, 0.0100795
123, 122, 124, 125, 1.87396
123, 122, 125, 126, 0.433422
123, 122, 126, 127, 0.16791
123, 122, 127, 128, 0.0827506
123, 122, 128, 129, 0.0447425
123, 122, 129, 130, 0.027746
124, 122, 131, 133, 0.0530462
124, 122, 132, 134, 0.0379055
124, 122, 133, 135, 0.0270868
124, 122, 134, 136, 0.0205817
124, 122, 135, 137, 0.0156013
124, 122, 136, 138, 0.0122927
125, 122, 138, 141, 0.0187327
125, 122, 139, 142, 0.0156516
125, 122, 140, 143, 0.0128836
125, 122, 141, 144, 0.0107294
125, 122, 142, 145, 0.0091818
125, 122, 143, 146, 0.00763308
124, 123, 125, 126, 1.7853
124, 123, 126, 127, 0.430181
124, 123, 127, 128, 0.169795
124, 123, 128, 129, 0.0826828
124, 123, 129, 130, 0.0464096
124, 123, 130, 131, 0.0285661
125, 123, 132, 134, 0.0535288
125, 123, 133, 135, 0.0385578
125, 123, 134, 136, 0.0272203
125, 123, 135, 137, 0.0206923
125, 123, 136, 138, 0.0156657
125, 123, 137, 139, 0.0126967
126, 123, 139, 142, 0.0192753
126, 123, 140, 143, 0.0156252
126, 123, 141, 144, 0.0129261
126, 123, 142, 145, 0.0107532
126, 123, 143, 146, 0.00926051
126, 123, 144, 147, 0.00759129
125, 124, 126, 127, 1.92271
125, 124, 127, 128, 0.463172
125, 124, 128, 129, 0.174064
125, 124, 129, 130, 0.0853756
125, 124, 130, 131, 0.0469718
125, 124, 131, 132, 0.0291862
126, 124, 133, 135, 0.0546357
126, 124, 134, 136, 0.0379378
126, 124, 135, 137, 0.0279047
126, 124, 136, 138, 0.0212847
126, 124, 137, 139, 0.0160525
126, 124, 138, 140, 0.0126072
127, 124, 140, 143, 0.0186966
127, 124, 141, 144, 0.0154809
127, 124, 142, 145, 0.0127487
127, 124, 143, 146, 0.0105941
127, 124, 144, 147, 0.00917193
127, 124, 145, 148, 0.00735525
126, 125, 127, 128, 2.0009
126, 125, 128, 129, 0.434292
126, 125, 129, 130, 0.174748
126, 125, 130, 131, 0.0863942
126, 125, 131, 132, 0.0482498
126, 125, 132, 133, 0.0287704
127, 125, 134, 136, 0.0546243
127, 125, 135, 137, 0.0379253
127, 125, 136, 138, 0.028064
127, 125, 137, 139, 0.0210095
127, 125, 138, 140, 0.0160075
127, 125, 139, 141, 0.0126802
128, 125, 141, 144, 0.019024
128, 125, 142, 145, 0.0155546
128, 125, 143, 146, 0.0127886
128, 125, 144, 147, 0.0106756
128, 125, 145, 148, 0.0085825
127, 126, 128, 129, 1.83004
127, 126, 129, 130, 0.44726
127, 126, 130, 131, 0.178136
127, 126, 131, 132, 0.0841847
127, 126, 132, 133, 0.047768
127, 126, 133, 134, 0.0291594
128, 126, 135, 137, 0.0535384
128, 126, 136, 138, 0.0379199
128, 126, 137, 139, 0.0279602
128, 126, 138, 140, 0.0209243
128, 126, 139, 141, 0.015924
128, 126, 140, 142, 0.0126446
129, 126, 142, 145, 0.0191249
129, 126, 143, 146, 0.015728
129, 126, 144, 147, 0.0130318
129, 126, 145, 148, 0.0103062
128, 127, 129, 130, 1.97663
128, 127, 130, 131, 0.44475
128, 127, 131, 132, 0.172232
128, 127, 132, 133, 0.0840012
128, 127, 133, 134, 0.0480451
128, 127, 134, 135, 0.0292745
129, 127, 136, 138, 0.0555758
129, 127, 137, 139, 0.0381346
129, 127, 138, 140, 0.0276836
129, 127, 139, 141, 0.0214022
129, 127, 140, 142, 0.0161256
129, 127, 141, 143, 0.013126
130, 127, 143, 146, 0.0193913
130, 127, 144, 147, 0.0157115
130, 127, 145, 148, 0.0126553
129, 128, 130, 131, 1.92712
129, 128, 131, 132, 0.455102
129, 128, 132, 133, 0.176729
129, 128, 133, 134, 0.0873473
129, 128, 134, 135, 0.0489577
129, 128, 135, 136, 0.0298549
130, 128, 137, 139, 0.0546271
130, 128, 138, 140, 0.0393713
130, 128, 139, 141, 0.0285496
130, 128, 140, 142, 0.0216997
130, 128, 141, 143, 0.0168464
130, 128, 142, 144, 0.012943
131, 128, 144, 147, 0.0191711
131, 128, 145, 148, 0.015171
130, 129, 131, 132, 1.89959
130, 129, 132, 133, 0.455622
130, 129, 133, 134, 0.178857
130, 129, 134, 135, 0.0892198
130, 129, 135, 136, 0.0493172
130, 129, 136, 137, 0.0294521
131, 129, 138, 140, 0.0552314
131, 129, 139, 141, 0.0386118
131, 129, 140, 142, 0.028306
131, 129, 141, 143, 0.0217343
131, 129, 142, 144, 0.0166686
131, 129, 143, 145, 0.0131526
132, 129, 145, 148, 0.0189052
131, 130, 132, 133, 1.91293
131, 130, 133, 134, 0.452935
131, 130, 134, 135, 0.18077
131, 130, 135, 136, 0.0869598
131, 130, 136, 137, 0.050204
131, 130, 137, 138, 0.0299511
132, 130, 139, 141, 0.0554285
132, 130, 140, 142, 0.0404963
132, 130, 141, 143, 0.0289372
132, 130, 142, 144, 0.0216527
132, 130, 143, 145, 0.017095
132, 130, 144, 146, 0.0131008
132, 131, 133, 134, 1.90748
132, 131, 134, 135, 0.456461
132, 131, 135, 136, 0.175668
132, 131, 136, 137, 0.089552
132, 131, 137, 138, 0.0500017
132, 131, 138, 139, 0.0297965
133, 131, 140, 142, 0.0575846
133, 131, 141, 143, 0.040783
133, 131, 142, 144, 0.0288566
133, 131, 143, 145, 0.0222396
133, 131, 144, 146, 0.0165693
133, 131, 145, 147, 0.0131438
133, 132, 134, 135, 1.98413
133, 132, 135, 136, 0.454588
133, 132, 136, 137, 0.181185
133, 132, 137, 138, 0.087133
133, 132, 138, 139, 0.0485491
133, 132, 139, 140, 0.0305388
134, 132, 141, 143, 0.0559226
134, 132, 142, 144, 0.039473
134, 132, 143, 145, 0.0295593
134, 132, 144, 146, 0.0214845
134, 132, 145, 147, 0.0168182
134, 132, 146, 148, 0.012517
134, 133, 135, 136, 1.88956
134, 133, 136, 137, 0.458404
134, 133, 137, 138, 0.176298
134, 133, 138, 139, 0.0856396
134, 133, 139, 140, 0.0482338
134, 133, 140, 141, 0.0302738
135, 133, 142, 144, 0.0557295
135, 133, 143, 145, 0.0395878
135, 133, 144, 146, 0.028411
135, 133, 145, 147, 0.0210894
135, 133, 146, 148, 0.0158162
135, 134, 136, 137, 2.00025
135, 134, 137, 138, 0.448121
135, 134, 138, 139, 0.180056
135, 134, 139, 140, 0.0869415
135, 134, 140, 141, 0.0484005
135, 134, 141, 142, 0.0303155
136, 134, 143, 145, 0.0571802
136, 134, 144, 146, 0.0403012
136, 134, 145, 147, 0.0288849
136, 134, 146, 148, 0.0201914
136, 135, 137, 138, 1.91347
136, 135, 138, 139, 0.457411
136, 135, 139, 140, 0.179294
136, 135, 140, 141, 0.0862973
136, 135, 141, 142, 0.0502654
136, 135, 142, 143, 0.0298063
137, 135, 144, 146, 0.056517
137, 135, 145, 147, 0.0385991
137, 135, 146, 148, 0.0275549
137, 136, 138, 139, 1.93631
137, 136, 139, 140, 0.450651
137, 136, 140, 141, 0.179967
137, 136, 141, 142, 0.0901794
137, 136, 142, 143, 0.0495005
137, 136, 143, 144, 0.0300992
138, 136, 145, 147, 0.0547527
138, 136, 146, 148, 0.0367109
138, 137, 139, 140, 1.87912
138, 137, 140, 141, 0.452395
138, 137, 141, 142, 0.182027
138, 137, 142, 143, 0.0874347
138, 137, 143, 144, 0.0495887
138, 137, 144, 145, 0.0292503
139, 137, 146, 148, 0.0526707
139, 138, 140, 141, 1.88867
139, 138, 141, 142, 0.460878
139, 138, 142, 143, 0.174421
139, 138, 143, 144, 0.0870265
139, 138, 144, 145, 0.0480844
139, 138, 145, 146, 0.029525
140, 139, 141, 142, 1.98368
140, 139, 142, 143, 0.461574
140, 139, 143, 144, 0.177598
140, 139, 144, 145, 0.0873329
140, 139, 145, 146, 0.0502713
140, 139, 146, 147, 0.0298214
141, 140, 142, 143, 1.94193
141, 140, 143, 144, 0.449622
141, 140, 144, 145, 0.174726
141, 140, 145, 146, 0.0876669
141, 140, 146, 147, 0.0484914
141, 140, 147, 148, 0.028522
142, 141, 143, 144, 1.91144
142, 141, 144, 145, 0.450493
142, 141, 145, 146, 0.174582
142, 141, 146, 147, 0.0835449
142, 141, 147, 148, 0.0448459
143, 142, 144, 145, 1.94627
143, 142, 145, 146, 0.463032
143, 142, 146, 147, 0.176162
143, 142, 147, 148, 0.0823275
144, 143, 145, 146, 1.94856
144, 143, 146, 147, 0.443892
144, 143, 147, 148, 0.169678
145, 144, 146, 147, 1.97544
145, 144, 147, 148, 0.460948
146, 145, 147, 148, 1.94134
