107, 1, 5
107, 1, 6
107, 1, 7
107, 1, 8
107, 1, 9
107, 1, 10
107, 1, 11
107, 1, 12
107, 1, 13
107, 1, 14
107, 1, 15
107, 1, 16
107, 1, 18
107, 1, 20
107, 1, 22
107, 1, 24
107, 1, 26
107, 1, 27
107, 1, 28
107, 1, 29
107, 1, 30
107, 1, 31
107, 1, 32
107, 1, 33
107, 1, 34
107, 1, 35
107, 1, 36
107, 1, 37
107, 1, 38
107, 1, 40
107, 1, 42
107, 1, 44
107, 1, 46
107, 1, 48
107, 1, 49
107, 1, 50
107, 1, 51
107, 1, 52
107, 1, 53
107, 1, 54
107, 1, 55
107, 1, 56
107, 1, 57
107, 1, 58
107, 1, 59
107, 1, 60
107, 1, 62
107, 1, 64
107, 1, 66
107, 1, 68
107, 1, 70
107, 1, 71
107, 1, 72
107, 1, 73
107, 1, 74
107, 1, 75
107, 1, 76
107, 1, 77
107, 1, 78
107, 1, 79
107, 1, 80
107, 1, 81
107, 1, 82
107, 1, 84
107, 1, 86
107, 1, 88
107, 1, 90
107, 1, 92
107, 1, 93
107, 1, 94
107, 1, 95
107, 1, 96
107, 1, 97
107, 1, 98
107, 1, 99
107, 1, 100
107, 1, 101
107, 1, 102
107, 1, 103
107, 1, 104
107, 1, 106
107, 1, 108
107, 1, 110
107, 1, 112
107, 1, 114
107, 1, 115
107, 1, 116
107, 1, 117
107, 1, 118
107, 1, 119
107, 1, 120
107, 1, 121
107, 1, 122
107, 1, 123
107, 1, 124
107, 1, 125
17, 1, 5
17, 1, 6
17, 1, 7
17, 1, 8
17, 1, 9
17, 1, 10
17, 1, 11
17, 1, 12
17, 1, 13
17, 1, 14
17, 1, 15
17, 1, 16
17, 1, 18
17, 1, 20
17, 1, 22
17, 1, 24
17, 1, 26
17, 1, 27
17, 1, 28
17, 1, 29
17, 1, 30
17, 1, 31
17, 1, 32
17, 1, 33
17, 1, 34
17, 1, 35
17, 1, 36
17, 1, 37
17, 1, 38
17, 1, 40
17, 1, 42
17, 1, 44
17, 1, 46
17, 1, 48
17, 1, 49
17, 1, 50
17, 1, 51
17, 1, 52
17, 1, 53
17, 1, 54
17, 1, 55
17, 1, 56
17, 1, 57
17, 1, 58
17, 1, 59
17, 1, 60
17, 1, 62
17, 1, 64
17, 1, 66
17, 1, 68
17, 1, 70
17, 1, 71
17, 1, 72
17, 1, 73
17, 1, 74
17, 1, 75
17, 1, 76
17, 1, 77
17, 1, 78
17, 1, 79
17, 1, 80
17, 1, 81
17, 1, 82
17, 1, 84
17, 1, 86
17, 1, 88
17, 1, 90
17, 1, 92
17, 1, 93
17, 1, 94
17, 1, 95
17, 1, 96
17, 1, 97
17, 1, 98
17, 1, 99
17, 1, 100
17, 1, 101
17, 1, 102
17, 1, 103
17, 1, 104
17, 1, 106
17, 1, 108
17, 1, 110
17, 1, 112
17, 1, 114
17, 1, 115
17, 1, 116
17, 1, 117
17, 1, 118
17, 1, 119
17, 1, 120
17, 1, 121
17, 1, 122
17, 1, 123
17, 1, 124
17, 1, 125
63, 1, 5
63, 1, 6
63, 1, 7
63, 1, 8
63, 1, 9
63, 1, 10
63, 1, 11
63, 1, 12
63, 1, 13
63, 1, 14
63, 1, 15
63, 1, 16
63, 1, 18
63, 1, 20
63, 1, 22
63, 1, 24
63, 1, 26
63, 1, 27
63, 1, 28
63, 1, 29
63, 1, 30
63, 1, 31
63, 1, 32
63, 1, 33
63, 1, 34
63, 1, 35
63, 1, 36
63, 1, 37
63, 1, 38
63, 1, 40
63, 1, 42
63, 1, 44
63, 1, 46
63, 1, 48
63, 1, 49
63, 1, 50
63, 1, 51
63, 1, 52
63, 1, 53
63, 1, 54
63, 1, 55
63, 1, 56
63, 1, 57
63, 1, 58
63, 1, 59
63, 1, 60
63, 1, 62
63, 1, 64
63, 1, 66
63, 1, 68
63, 1, 70
63, 1, 71
63, 1, 72
63, 1, 73
63, 1, 74
63, 1, 75
63, 1, 76
63, 1, 77
63, 1, 78
63, 1, 79
63, 1, 80
63, 1, 81
63, 1, 82
63, 1, 84
63, 1, 86
63, 1, 88
63, 1, 90
63, 1, 92
63, 1, 93
63, 1, 94
63, 1, 95
63, 1, 96
63, 1, 97
63, 1, 98
63, 1, 99
63, 1, 100
63, 1, 101
63, 1, 102
63, 1, 103
63, 1, 104
63, 1, 106
63, 1, 108
63, 1, 110
63, 1, 112
63, 1, 114
63, 1, 115
63, 1, 116
63, 1, 117
63, 1, 118
63, 1, 119
63, 1, 120
63, 1, 121
63, 1, 122
63, 1, 123
63, 1, 124
63, 1, 125
23, 1, 5
23, 1, 6
23, 1, 7
23, 1, 8
23, 1, 9
23, 1, 10
23, 1, 11
23, 1, 12
23, 1, 13
23, 1, 14
23, 1, 15
23, 1, 16
23, 1, 18
23, 1, 20
23, 1, 22
23, 1, 24
23, 1, 26
23, 1, 27
23, 1, 28
23, 1, 29
23, 1, 30
23, 1, 31
23, 1, 32
23, 1, 33
23, 1, 34
23, 1, 35
23, 1, 36
23, 1, 37
23, 1, 38
23, 1, 40
23, 1, 42
23, 1, 44
23, 1, 46
23, 1, 48
23, 1, 49
23, 1, 50
23, 1, 51
23, 1, 52
23, 1, 53
23, 1, 54
23, 1, 55
23, 1, 56
23, 1, 57
23, 1, 58
23, 1, 59
23, 1, 60
23, 1, 62
23, 1, 64
23, 1, 66
23, 1, 68
23, 1, 70
23, 1, 71
23, 1, 72
23, 1, 73
23, 1, 74
23, 1, 75
23, 1, 76
23, 1, 77
23, 1, 78
23, 1, 79
23, 1, 80
23, 1, 81
23, 1, 82
23, 1, 84
23, 1, 86
23, 1, 88
23, 1, 90
23, 1, 92
23, 1, 93
23, 1, 94
23, 1, 95
23, 1, 96
23, 1, 97
23, 1, 98
23, 1, 99
23, 1, 100
23, 1, 101
23, 1, 102
23, 1, 103
23, 1, 104
23, 1, 106
23, 1, 108
23, 1, 110
23, 1, 112
23, 1, 114
23, 1, 115
23, 1, 116
23, 1, 117
23, 1, 118
23, 1, 119
23, 1, 120
23, 1, 121
23, 1, 122
23, 1, 123
23, 1, 124
23, 1, 125
69, 1, 5
69, 1, 6
69, 1, 7
69, 1, 8
69, 1, 9
69, 1, 10
69, 1, 11
69, 1, 12
69, 1, 13
69, 1, 14
69, 1, 15
69, 1, 16
69, 1, 18
69, 1, 20
69, 1, 22
69, 1, 24
69, 1, 26
69, 1, 27
69, 1, 28
69, 1, 29
69, 1, 30
69, 1, 31
69, 1, 32
69, 1, 33
69, 1, 34
69, 1, 35
69, 1, 36
69, 1, 37
69, 1, 38
69, 1, 40
69, 1, 42
69, 1, 44
69, 1, 46
69, 1, 48
69, 1, 49
69, 1, 50
69, 1, 51
69, 1, 52
69, 1, 53
69, 1, 54
69, 1, 55
69, 1, 56
69, 1, 57
69, 1, 58
69, 1, 59
69, 1, 60
69, 1, 62
69, 1, 64
69, 1, 66
69, 1, 68
69, 1, 70
69, 1, 71
69, 1, 72
69, 1, 73
69, 1, 74
69, 1, 75
69, 1, 76
69, 1, 77
69, 1, 78
69, 1, 79
69, 1, 80
69, 1, 81
69, 1, 82
69, 1, 84
69, 1, 86
69, 1, 88
69, 1, 90
69, 1, 92
69, 1, 93
69, 1, 94
69, 1, 95
69, 1, 96
69, 1, 97
69, 1, 98
69, 1, 99
69, 1, 100
69, 1, 101
69, 1, 102
69, 1, 103
69, 1, 104
69, 1, 106
69, 1, 108
69, 1, 110
69, 1, 112
69, 1, 114
69, 1, 115
69, 1, 116
69, 1, 117
69, 1, 118
69, 1, 119
69, 1, 120
69, 1, 121
69, 1, 122
69, 1, 123
69, 1, 124
69, 1, 125
65, 1, 5
65, 1, 6
65, 1, 7
65, 1, 8
65, 1, 9
65, 1, 10
65, 1, 11
65, 1, 12
65, 1, 13
65, 1, 14
65, 1, 15
65, 1, 16
65, 1, 18
65, 1, 20
65, 1, 22
65, 1, 24
65, 1, 26
65, 1, 27
65, 1, 28
65, 1, 29
65, 1, 30
65, 1, 31
65, 1, 32
65, 1, 33
65, 1, 34
65, 1, 35
65, 1, 36
65, 1, 37
65, 1, 38
65, 1, 40
65, 1, 42
65, 1, 44
65, 1, 46
65, 1, 48
65, 1, 49
65, 1, 50
65, 1, 51
65, 1, 52
65, 1, 53
65, 1, 54
65, 1, 55
65, 1, 56
65, 1, 57
65, 1, 58
65, 1, 59
65, 1, 60
65, 1, 62
65, 1, 64
65, 1, 66
65, 1, 68
65, 1, 70
65, 1, 71
65, 1, 72
65, 1, 73
65, 1, 74
65, 1, 75
65, 1, 76
65, 1, 77
65, 1, 78
65, 1, 79
65, 1, 80
65, 1, 81
65, 1, 82
65, 1, 84
65, 1, 86
65, 1, 88
65, 1, 90
65, 1, 92
65, 1, 93
65, 1, 94
65, 1, 95
65, 1, 96
65, 1, 97
65, 1, 98
65, 1, 99
65, 1, 100
65, 1, 101
65, 1, 102
65, 1, 103
65, 1, 104
65, 1, 106
65, 1, 108
65, 1, 110
65, 1, 112
65, 1, 114
65, 1, 115
65, 1, 116
65, 1, 117
65, 1, 118
65, 1, 119
65, 1, 120
65, 1, 121
65, 1, 122
65, 1, 123
65, 1, 124
65, 1, 125
41, 1, 5
41, 1, 6
41, 1, 7
41, 1, 8
41, 1, 9
41, 1, 10
41, 1, 11
41, 1, 12
41, 1, 13
41, 1, 14
41, 1, 15
41, 1, 16
41, 1, 18
41, 1, 20
41, 1, 22
41, 1, 24
41, 1, 26
41, 1, 27
41, 1, 28
41, 1, 29
41, 1, 30
41, 1, 31
41, 1, 32
41, 1, 33
41, 1, 34
41, 1, 35
41, 1, 36
41, 1, 37
41, 1, 38
41, 1, 40
41, 1, 42
41, 1, 44
41, 1, 46
41, 1, 48
41, 1, 49
41, 1, 50
41, 1, 51
41, 1, 52
41, 1, 53
41, 1, 54
41, 1, 55
41, 1, 56
41, 1, 57
41, 1, 58
41, 1, 59
41, 1, 60
41, 1, 62
41, 1, 64
41, 1, 66
41, 1, 68
41, 1, 70
41, 1, 71
41, 1, 72
41, 1, 73
41, 1, 74
41, 1, 75
41, 1, 76
41, 1, 77
41, 1, 78
41, 1, 79
41, 1, 80
41, 1, 81
41, 1, 82
41, 1, 84
41, 1, 86
41, 1, 88
41, 1, 90
41, 1, 92
41, 1, 93
41, 1, 94
41, 1, 95
41, 1, 96
41, 1, 97
41, 1, 98
41, 1, 99
41, 1, 100
41, 1, 101
41, 1, 102
41, 1, 103
41, 1, 104
41, 1, 106
41, 1, 108
41, 1, 110
41, 1, 112
41, 1, 114
41, 1, 115
41, 1, 116
41, 1, 117
41, 1, 118
41, 1, 119
41, 1, 120
41, 1, 121
41, 1, 122
41, 1, 123
41, 1, 124
41, 1, 125
19, 1, 5
19, 1, 6
19, 1, 7
19, 1, 8
19, 1, 9
19, 1, 10
19, 1, 11
19, 1, 12
19, 1, 13
19, 1, 14
19, 1, 15
19, 1, 16
19, 1, 18
19, 1, 20
19, 1, 22
19, 1, 24
19, 1, 26
19, 1, 27
19, 1, 28
19, 1, 29
19, 1, 30
19, 1, 31
19, 1, 32
19, 1, 33
19, 1, 34
19, 1, 35
19, 1, 36
19, 1, 37
19, 1, 38
19, 1, 40
19, 1, 42
19, 1, 44
19, 1, 46
19, 1, 48
19, 1, 49
19, 1, 50
19, 1, 51
19, 1, 52
19, 1, 53
19, 1, 54
19, 1, 55
19, 1, 56
19, 1, 57
19, 1, 58
19, 1, 59
19, 1, 60
19, 1, 62
19, 1, 64
19, 1, 66
19, 1, 68
19, 1, 70
19, 1, 71
19, 1, 72
19, 1, 73
19, 1, 74
19, 1, 75
19, 1, 76
19, 1, 77
19, 1, 78
19, 1, 79
19, 1, 80
19, 1, 81
19, 1, 82
19, 1, 84
19, 1, 86
19, 1, 88
19, 1, 90
19, 1, 92
19, 1, 93
19, 1, 94
19, 1, 95
19, 1, 96
19, 1, 97
19, 1, 98
19, 1, 99
19, 1, 100
19, 1, 101
19, 1, 102
19, 1, 103
19, 1, 104
19, 1, 106
19, 1, 108
19, 1, 110
19, 1, 112
19, 1, 114
19, 1, 115
19, 1, 116
19, 1, 117
19, 1, 118
19, 1, 119
19, 1, 120
19, 1, 121
19, 1, 122
19, 1, 123
19, 1, 124
19, 1, 125
83, 1, 5
83, 1, 6
83, 1, 7
83, 1, 8
83, 1, 9
83, 1, 10
83, 1, 11
83, 1, 12
83, 1, 13
83, 1, 14
83, 1, 15
83, 1, 16
83, 1, 18
83, 1, 20
83, 1, 22
83, 1, 24
83, 1, 26
83, 1, 27
83, 1, 28
83, 1, 29
83, 1, 30
83, 1, 31
83, 1, 32
83, 1, 33
83, 1, 34
83, 1, 35
83, 1, 36
83, 1, 37
83, 1, 38
83, 1, 40
83, 1, 42
83, 1, 44
83, 1, 46
83, 1, 48
83, 1, 49
83, 1, 50
83, 1, 51
83, 1, 52
83, 1, 53
83, 1, 54
83, 1, 55
83, 1, 56
83, 1, 57
83, 1, 58
83, 1, 59
83, 1, 60
83, 1, 62
83, 1, 64
83, 1, 66
83, 1, 68
83, 1, 70
83, 1, 71
83, 1, 72
83, 1, 73
83, 1, 74
83, 1, 75
83, 1, 76
83, 1, 77
83, 1, 78
83, 1, 79
83, 1, 80
83, 1, 81
83, 1, 82
83, 1, 84
83, 1, 86
83, 1, 88
83, 1, 90
83, 1, 92
83, 1, 93
83, 1, 94
83, 1, 95
83, 1, 96
83, 1, 97
83, 1, 98
83, 1, 99
83, 1, 100
83, 1, 101
83, 1, 102
83, 1, 103
83, 1, 104
83, 1, 106
83, 1, 108
83, 1, 110
83, 1, 112
83, 1, 114
83, 1, 115
83, 1, 116
83, 1, 117
83, 1, 118
83, 1, 119
83, 1, 120
83, 1, 121
83, 1, 122
83, 1, 123
83, 1, 124
83, 1, 125
105, 1, 5
105, 1, 6
105, 1, 7
105, 1, 8
105, 1, 9
105, 1, 10
105, 1, 11
105, 1, 12
105, 1, 13
105, 1, 14
105, 1, 15
105, 1, 16
105, 1, 18
105, 1, 20
105, 1, 22
105, 1, 24
105, 1, 26
105, 1, 27
105, 1, 28
105, 1, 29
105, 1, 30
105, 1, 31
105, 1, 32
105, 1, 33
105, 1, 34
105, 1, 35
105, 1, 36
105, 1, 37
105, 1, 38
105, 1, 40
105, 1, 42
105, 1, 44
105, 1, 46
105, 1, 48
105, 1, 49
105, 1, 50
105, 1, 51
105, 1, 52
105, 1, 53
105, 1, 54
105, 1, 55
105, 1, 56
105, 1, 57
105, 1, 58
105, 1, 59
105, 1, 60
105, 1, 62
105, 1, 64
105, 1, 66
105, 1, 68
105, 1, 70
105, 1, 71
105, 1, 72
105, 1, 73
105, 1, 74
105, 1, 75
105, 1, 76
105, 1, 77
105, 1, 78
105, 1, 79
105, 1, 80
105, 1, 81
105, 1, 82
105, 1, 84
105, 1, 86
105, 1, 88
105, 1, 90
105, 1, 92
105, 1, 93
105, 1, 94
105, 1, 95
105, 1, 96
105, 1, 97
105, 1, 98
105, 1, 99
105, 1, 100
105, 1, 101
105, 1, 102
105, 1, 103
105, 1, 104
105, 1, 106
105, 1, 108
105, 1, 110
105, 1, 112
105, 1, 114
105, 1, 115
105, 1, 116
105, 1, 117
105, 1, 118
105, 1, 119
105, 1, 120
105, 1, 121
105, 1, 122
105, 1, 123
105, 1, 124
105, 1, 125
113, 2, 5
113, 2, 6
113, 2, 7
113, 2, 8
113, 2, 9
113, 2, 10
113, 2, 11
113, 2, 12
113, 2, 13
113, 2, 14
113, 2, 15
113, 2, 16
113, 2, 18
113, 2, 20
113, 2, 22
113, 2, 24
113, 2, 26
113, 2, 27
113, 2, 28
113, 2, 29
113, 2, 30
113, 2, 31
113, 2, 32
113, 2, 33
113, 2, 34
113, 2, 35
113, 2, 36
113, 2, 37
113, 2, 38
113, 2, 40
113, 2, 42
113, 2, 44
113, 2, 46
113, 2, 48
113, 2, 49
113, 2, 50
113, 2, 51
113, 2, 52
113, 2, 53
113, 2, 54
113, 2, 55
113, 2, 56
113, 2, 57
113, 2, 58
113, 2, 59
113, 2, 60
113, 2, 62
113, 2, 64
113, 2, 66
113, 2, 68
113, 2, 70
113, 2, 71
113, 2, 72
113, 2, 73
113, 2, 74
113, 2, 75
113, 2, 76
113, 2, 77
113, 2, 78
113, 2, 79
113, 2, 80
113, 2, 81
113, 2, 82
113, 2, 84
113, 2, 86
113, 2, 88
113, 2, 90
113, 2, 92
113, 2, 93
113, 2, 94
113, 2, 95
113, 2, 96
113, 2, 97
113, 2, 98
113, 2, 99
113, 2, 100
113, 2, 101
113, 2, 102
113, 2, 103
113, 2, 104
113, 2, 106
113, 2, 108
113, 2, 110
113, 2, 112
113, 2, 114
113, 2, 115
113, 2, 116
113, 2, 117
113, 2, 118
113, 2, 119
113, 2, 120
113, 2, 121
113, 2, 122
113, 2, 123
113, 2, 124
113, 2, 125
87, 2, 5
87, 2, 6
87, 2, 7
87, 2, 8
87, 2, 9
87, 2, 10
87, 2, 11
87, 2, 12
87, 2, 13
87, 2, 14
87, 2, 15
87, 2, 16
87, 2, 18
87, 2, 20
87, 2, 22
87, 2, 24
87, 2, 26
87, 2, 27
87, 2, 28
87, 2, 29
87, 2, 30
87, 2, 31
87, 2, 32
87, 2, 33
87, 2, 34
87, 2, 35
87, 2, 36
87, 2, 37
87, 2, 38
87, 2, 40
87, 2, 42
87, 2, 44
87, 2, 46
87, 2, 48
87, 2, 49
87, 2, 50
87, 2, 51
87, 2, 52
87, 2, 53
87, 2, 54
87, 2, 55
87, 2, 56
87, 2, 57
87, 2, 58
87, 2, 59
87, 2, 60
87, 2, 62
87, 2, 64
87, 2, 66
87, 2, 68
87, 2, 70
87, 2, 71
87, 2, 72
87, 2, 73
87, 2, 74
87, 2, 75
87, 2, 76
87, 2, 77
87, 2, 78
87, 2, 79
87, 2, 80
87, 2, 81
87, 2, 82
87, 2, 84
87, 2, 86
87, 2, 88
87, 2, 90
87, 2, 92
87, 2, 93
87, 2, 94
87, 2, 95
87, 2, 96
87, 2, 97
87, 2, 98
87, 2, 99
87, 2, 100
87, 2, 101
87, 2, 102
87, 2, 103
87, 2, 104
87, 2, 106
87, 2, 108
87, 2, 110
87, 2, 112
87, 2, 114
87, 2, 115
87, 2, 116
87, 2, 117
87, 2, 118
87, 2, 119
87, 2, 120
87, 2, 121
87, 2, 122
87, 2, 123
87, 2, 124
87, 2, 125
23, 2, 5
23, 2, 6
23, 2, 7
23, 2, 8
23, 2, 9
23, 2, 10
23, 2, 11
23, 2, 12
23, 2, 13
23, 2, 14
23, 2, 15
23, 2, 16
23, 2, 18
23, 2, 20
23, 2, 22
23, 2, 24
23, 2, 26
23, 2, 27
23, 2, 28
23, 2, 29
23, 2, 30
23, 2, 31
23, 2, 32
23, 2, 33
23, 2, 34
23, 2, 35
23, 2, 36
23, 2, 37
23, 2, 38
23, 2, 40
23, 2, 42
23, 2, 44
23, 2, 46
23, 2, 48
23, 2, 49
23, 2, 50
23, 2, 51
23, 2, 52
23, 2, 53
23, 2, 54
23, 2, 55
23, 2, 56
23, 2, 57
23, 2, 58
23, 2, 59
23, 2, 60
23, 2, 62
23, 2, 64
23, 2, 66
23, 2, 68
23, 2, 70
23, 2, 71
23, 2, 72
23, 2, 73
23, 2, 74
23, 2, 75
23, 2, 76
23, 2, 77
23, 2, 78
23, 2, 79
23, 2, 80
23, 2, 81
23, 2, 82
23, 2, 84
23, 2, 86
23, 2, 88
23, 2, 90
23, 2, 92
23, 2, 93
23, 2, 94
23, 2, 95
23, 2, 96
23, 2, 97
23, 2, 98
23, 2, 99
23, 2, 100
23, 2, 101
23, 2, 102
23, 2, 103
23, 2, 104
23, 2, 106
23, 2, 108
23, 2, 110
23, 2, 112
23, 2, 114
23, 2, 115
23, 2, 116
23, 2, 117
23, 2, 118
23, 2, 119
23, 2, 120
23, 2, 121
23, 2, 122
23, 2, 123
23, 2, 124
23, 2, 125
107, 2, 5
107, 2, 6
107, 2, 7
107, 2, 8
107, 2, 9
107, 2, 10
107, 2, 11
107, 2, 12
107, 2, 13
107, 2, 14
107, 2, 15
107, 2, 16
107, 2, 18
107, 2, 20
107, 2, 22
107, 2, 24
107, 2, 26
107, 2, 27
107, 2, 28
107, 2, 29
107, 2, 30
107, 2, 31
107, 2, 32
107, 2, 33
107, 2, 34
107, 2, 35
107, 2, 36
107, 2, 37
107, 2, 38
107, 2, 40
107, 2, 42
107, 2, 44
107, 2, 46
107, 2, 48
107, 2, 49
107, 2, 50
107, 2, 51
107, 2, 52
107, 2, 53
107, 2, 54
107, 2, 55
107, 2, 56
107, 2, 57
107, 2, 58
107, 2, 59
107, 2, 60
107, 2, 62
107, 2, 64
107, 2, 66
107, 2, 68
107, 2, 70
107, 2, 71
107, 2, 72
107, 2, 73
107, 2, 74
107, 2, 75
107, 2, 76
107, 2, 77
107, 2, 78
107, 2, 79
107, 2, 80
107, 2, 81
107, 2, 82
107, 2, 84
107, 2, 86
107, 2, 88
107, 2, 90
107, 2, 92
107, 2, 93
107, 2, 94
107, 2, 95
107, 2, 96
107, 2, 97
107, 2, 98
107, 2, 99
107, 2, 100
107, 2, 101
107, 2, 102
107, 2, 103
107, 2, 104
107, 2, 106
107, 2, 108
107, 2, 110
107, 2, 112
107, 2, 114
107, 2, 115
107, 2, 116
107, 2, 117
107, 2, 118
107, 2, 119
107, 2, 120
107, 2, 121
107, 2, 122
107, 2, 123
107, 2, 124
107, 2, 125
39, 2, 5
39, 2, 6
39, 2, 7
39, 2, 8
39, 2, 9
39, 2, 10
39, 2, 11
39, 2, 12
39, 2, 13
39, 2, 14
39, 2, 15
39, 2, 16
39, 2, 18
39, 2, 20
39, 2, 22
39, 2, 24
39, 2, 26
39, 2, 27
39, 2, 28
39, 2, 29
39, 2, 30
39, 2, 31
39, 2, 32
39, 2, 33
39, 2, 34
39, 2, 35
39, 2, 36
39, 2, 37
39, 2, 38
39, 2, 40
39, 2, 42
39, 2, 44
39, 2, 46
39, 2, 48
39, 2, 49
39, 2, 50
39, 2, 51
39, 2, 52
39, 2, 53
39, 2, 54
39, 2, 55
39, 2, 56
39, 2, 57
39, 2, 58
39, 2, 59
39, 2, 60
39, 2, 62
39, 2, 64
39, 2, 66
39, 2, 68
39, 2, 70
39, 2, 71
39, 2, 72
39, 2, 73
39, 2, 74
39, 2, 75
39, 2, 76
39, 2, 77
39, 2, 78
39, 2, 79
39, 2, 80
39, 2, 81
39, 2, 82
39, 2, 84
39, 2, 86
39, 2, 88
39, 2, 90
39, 2, 92
39, 2, 93
39, 2, 94
39, 2, 95
39, 2, 96
39, 2, 97
39, 2, 98
39, 2, 99
39, 2, 100
39, 2, 101
39, 2, 102
39, 2, 103
39, 2, 104
39, 2, 106
39, 2, 108
39, 2, 110
39, 2, 112
39, 2, 114
39, 2, 115
39, 2, 116
39, 2, 117
39, 2, 118
39, 2, 119
39, 2, 120
39, 2, 121
39, 2, 122
39, 2, 123
39, 2, 124
39, 2, 125
41, 2, 5
41, 2, 6
41, 2, 7
41, 2, 8
41, 2, 9
41, 2, 10
41, 2, 11
41, 2, 12
41, 2, 13
41, 2, 14
41, 2, 15
41, 2, 16
41, 2, 18
41, 2, 20
41, 2, 22
41, 2, 24
41, 2, 26
41, 2, 27
41, 2, 28
41, 2, 29
41, 2, 30
41, 2, 31
41, 2, 32
41, 2, 33
41, 2, 34
41, 2, 35
41, 2, 36
41, 2, 37
41, 2, 38
41, 2, 40
41, 2, 42
41, 2, 44
41, 2, 46
41, 2, 48
41, 2, 49
41, 2, 50
41, 2, 51
41, 2, 52
41, 2, 53
41, 2, 54
41, 2, 55
41, 2, 56
41, 2, 57
41, 2, 58
41, 2, 59
41, 2, 60
41, 2, 62
41, 2, 64
41, 2, 66
41, 2, 68
41, 2, 70
41, 2, 71
41, 2, 72
41, 2, 73
41, 2, 74
41, 2, 75
41, 2, 76
41, 2, 77
41, 2, 78
41, 2, 79
41, 2, 80
41, 2, 81
41, 2, 82
41, 2, 84
41, 2, 86
41, 2, 88
41, 2, 90
41, 2, 92
41, 2, 93
41, 2, 94
41, 2, 95
41, 2, 96
41, 2, 97
41, 2, 98
41, 2, 99
41, 2, 100
41, 2, 101
41, 2, 102
41, 2, 103
41, 2, 104
41, 2, 106
41, 2, 108
41, 2, 110
41, 2, 112
41, 2, 114
41, 2, 115
41, 2, 116
41, 2, 117
41, 2, 118
41, 2, 119
41, 2, 120
41, 2, 121
41, 2, 122
41, 2, 123
41, 2, 124
41, 2, 125
45, 2, 5
45, 2, 6
45, 2, 7
45, 2, 8
45, 2, 9
45, 2, 10
45, 2, 11
45, 2, 12
45, 2, 13
45, 2, 14
45, 2, 15
45, 2, 16
45, 2, 18
45, 2, 20
45, 2, 22
45, 2, 24
45, 2, 26
45, 2, 27
45, 2, 28
45, 2, 29
45, 2, 30
45, 2, 31
45, 2, 32
45, 2, 33
45, 2, 34
45, 2, 35
45, 2, 36
45, 2, 37
45, 2, 38
45, 2, 40
45, 2, 42
45, 2, 44
45, 2, 46
45, 2, 48
45, 2, 49
45, 2, 50
45, 2, 51
45, 2, 52
45, 2, 53
45, 2, 54
45, 2, 55
45, 2, 56
45, 2, 57
45, 2, 58
45, 2, 59
45, 2, 60
45, 2, 62
45, 2, 64
45, 2, 66
45, 2, 68
45, 2, 70
45, 2, 71
45, 2, 72
45, 2, 73
45, 2, 74
45, 2, 75
45, 2, 76
45, 2, 77
45, 2, 78
45, 2, 79
45, 2, 80
45, 2, 81
45, 2, 82
45, 2, 84
45, 2, 86
45, 2, 88
45, 2, 90
45, 2, 92
45, 2, 93
45, 2, 94
45, 2, 95
45, 2, 96
45, 2, 97
45, 2, 98
45, 2, 99
45, 2, 100
45, 2, 101
45, 2, 102
45, 2, 103
45, 2, 104
45, 2, 106
45, 2, 108
45, 2, 110
45, 2, 112
45, 2, 114
45, 2, 115
45, 2, 116
45, 2, 117
45, 2, 118
45, 2, 119
45, 2, 120
45, 2, 121
45, 2, 122
45, 2, 123
45, 2, 124
45, 2, 125
111, 2, 5
111, 2, 6
111, 2, 7
111, 2, 8
111, 2, 9
111, 2, 10
111, 2, 11
111, 2, 12
111, 2, 13
111, 2, 14
111, 2, 15
111, 2, 16
111, 2, 18
111, 2, 20
111, 2, 22
111, 2, 24
111, 2, 26
111, 2, 27
111, 2, 28
111, 2, 29
111, 2, 30
111, 2, 31
111, 2, 32
111, 2, 33
111, 2, 34
111, 2, 35
111, 2, 36
111, 2, 37
111, 2, 38
111, 2, 40
111, 2, 42
111, 2, 44
111, 2, 46
111, 2, 48
111, 2, 49
111, 2, 50
111, 2, 51
111, 2, 52
111, 2, 53
111, 2, 54
111, 2, 55
111, 2, 56
111, 2, 57
111, 2, 58
111, 2, 59
111, 2, 60
111, 2, 62
111, 2, 64
111, 2, 66
111, 2, 68
111, 2, 70
111, 2, 71
111, 2, 72
111, 2, 73
111, 2, 74
111, 2, 75
111, 2, 76
111, 2, 77
111, 2, 78
111, 2, 79
111, 2, 80
111, 2, 81
111, 2, 82
111, 2, 84
111, 2, 86
111, 2, 88
111, 2, 90
111, 2, 92
111, 2, 93
111, 2, 94
111, 2, 95
111, 2, 96
111, 2, 97
111, 2, 98
111, 2, 99
111, 2, 100
111, 2, 101
111, 2, 102
111, 2, 103
111, 2, 104
111, 2, 106
111, 2, 108
111, 2, 110
111, 2, 112
111, 2, 114
111, 2, 115
111, 2, 116
111, 2, 117
111, 2, 118
111, 2, 119
111, 2, 120
111, 2, 121
111, 2, 122
111, 2, 123
111, 2, 124
111, 2, 125
43, 2, 5
43, 2, 6
43, 2, 7
43, 2, 8
43, 2, 9
43, 2, 10
43, 2, 11
43, 2, 12
43, 2, 13
43, 2, 14
43, 2, 15
43, 2, 16
43, 2, 18
43, 2, 20
43, 2, 22
43, 2, 24
43, 2, 26
43, 2, 27
43, 2, 28
43, 2, 29
43, 2, 30
43, 2, 31
43, 2, 32
43, 2, 33
43, 2, 34
43, 2, 35
43, 2, 36
43, 2, 37
43, 2, 38
43, 2, 40
43, 2, 42
43, 2, 44
43, 2, 46
43, 2, 48
43, 2, 49
43, 2, 50
43, 2, 51
43, 2, 52
43, 2, 53
43, 2, 54
43, 2, 55
43, 2, 56
43, 2, 57
43, 2, 58
43, 2, 59
43, 2, 60
43, 2, 62
43, 2, 64
43, 2, 66
43, 2, 68
43, 2, 70
43, 2, 71
43, 2, 72
43, 2, 73
43, 2, 74
43, 2, 75
43, 2, 76
43, 2, 77
43, 2, 78
43, 2, 79
43, 2, 80
43, 2, 81
43, 2, 82
43, 2, 84
43, 2, 86
43, 2, 88
43, 2, 90
43, 2, 92
43, 2, 93
43, 2, 94
43, 2, 95
43, 2, 96
43, 2, 97
43, 2, 98
43, 2, 99
43, 2, 100
43, 2, 101
43, 2, 102
43, 2, 103
43, 2, 104
43, 2, 106
43, 2, 108
43, 2, 110
43, 2, 112
43, 2, 114
43, 2, 115
43, 2, 116
43, 2, 117
43, 2, 118
43, 2, 119
43, 2, 120
43, 2, 121
43, 2, 122
43, 2, 123
43, 2, 124
43, 2, 125
21, 2, 5
21, 2, 6
21, 2, 7
21, 2, 8
21, 2, 9
21, 2, 10
21, 2, 11
21, 2, 12
21, 2, 13
21, 2, 14
21, 2, 15
21, 2, 16
21, 2, 18
21, 2, 20
21, 2, 22
21, 2, 24
21, 2, 26
21, 2, 27
21, 2, 28
21, 2, 29
21, 2, 30
21, 2, 31
21, 2, 32
21, 2, 33
21, 2, 34
21, 2, 35
21, 2, 36
21, 2, 37
21, 2, 38
21, 2, 40
21, 2, 42
21, 2, 44
21, 2, 46
21, 2, 48
21, 2, 49
21, 2, 50
21, 2, 51
21, 2, 52
21, 2, 53
21, 2, 54
21, 2, 55
21, 2, 56
21, 2, 57
21, 2, 58
21, 2, 59
21, 2, 60
21, 2, 62
21, 2, 64
21, 2, 66
21, 2, 68
21, 2, 70
21, 2, 71
21, 2, 72
21, 2, 73
21, 2, 74
21, 2, 75
21, 2, 76
21, 2, 77
21, 2, 78
21, 2, 79
21, 2, 80
21, 2, 81
21, 2, 82
21, 2, 84
21, 2, 86
21, 2, 88
21, 2, 90
21, 2, 92
21, 2, 93
21, 2, 94
21, 2, 95
21, 2, 96
21, 2, 97
21, 2, 98
21, 2, 99
21, 2, 100
21, 2, 101
21, 2, 102
21, 2, 103
21, 2, 104
21, 2, 106
21, 2, 108
21, 2, 110
21, 2, 112
21, 2, 114
21, 2, 115
21, 2, 116
21, 2, 117
21, 2, 118
21, 2, 119
21, 2, 120
21, 2, 121
21, 2, 122
21, 2, 123
21, 2, 124
21, 2, 125
105, 3, 5
105, 3, 6
105, 3, 7
105, 3, 8
105, 3, 9
105, 3, 10
105, 3, 11
105, 3, 12
105, 3, 13
105, 3, 14
105, 3, 15
105, 3, 16
105, 3, 18
105, 3, 20
105, 3, 22
105, 3, 24
105, 3, 26
105, 3, 27
105, 3, 28
105, 3, 29
105, 3, 30
105, 3, 31
105, 3, 32
105, 3, 33
105, 3, 34
105, 3, 35
105, 3, 36
105, 3, 37
105, 3, 38
105, 3, 40
105, 3, 42
105, 3, 44
105, 3, 46
105, 3, 48
105, 3, 49
105, 3, 50
105, 3, 51
105, 3, 52
105, 3, 53
105, 3, 54
105, 3, 55
105, 3, 56
105, 3, 57
105, 3, 58
105, 3, 59
105, 3, 60
105, 3, 62
105, 3, 64
105, 3, 66
105, 3, 68
105, 3, 70
105, 3, 71
105, 3, 72
105, 3, 73
105, 3, 74
105, 3, 75
105, 3, 76
105, 3, 77
105, 3, 78
105, 3, 79
105, 3, 80
105, 3, 81
105, 3, 82
105, 3, 84
105, 3, 86
105, 3, 88
105, 3, 90
105, 3, 92
105, 3, 93
105, 3, 94
105, 3, 95
105, 3, 96
105, 3, 97
105, 3, 98
105, 3, 99
105, 3, 100
105, 3, 101
105, 3, 102
105, 3, 103
105, 3, 104
105, 3, 106
105, 3, 108
105, 3, 110
105, 3, 112
105, 3, 114
105, 3, 115
105, 3, 116
105, 3, 117
105, 3, 118
105, 3, 119
105, 3, 120
105, 3, 121
105, 3, 122
105, 3, 123
105, 3, 124
105, 3, 125
63, 3, 5
63, 3, 6
63, 3, 7
63, 3, 8
63, 3, 9
63, 3, 10
63, 3, 11
63, 3, 12
63, 3, 13
63, 3, 14
63, 3, 15
63, 3, 16
63, 3, 18
63, 3, 20
63, 3, 22
63, 3, 24
63, 3, 26
63, 3, 27
63, 3, 28
63, 3, 29
63, 3, 30
63, 3, 31
63, 3, 32
63, 3, 33
63, 3, 34
63, 3, 35
63, 3, 36
63, 3, 37
63, 3, 38
63, 3, 40
63, 3, 42
63, 3, 44
63, 3, 46
63, 3, 48
63, 3, 49
63, 3, 50
63, 3, 51
63, 3, 52
63, 3, 53
63, 3, 54
63, 3, 55
63, 3, 56
63, 3, 57
63, 3, 58
63, 3, 59
63, 3, 60
63, 3, 62
63, 3, 64
63, 3, 66
63, 3, 68
63, 3, 70
63, 3, 71
63, 3, 72
63, 3, 73
63, 3, 74
63, 3, 75
63, 3, 76
63, 3, 77
63, 3, 78
63, 3, 79
63, 3, 80
63, 3, 81
63, 3, 82
63, 3, 84
63, 3, 86
63, 3, 88
63, 3, 90
63, 3, 92
63, 3, 93
63, 3, 94
63, 3, 95
63, 3, 96
63, 3, 97
63, 3, 98
63, 3, 99
63, 3, 100
63, 3, 101
63, 3, 102
63, 3, 103
63, 3, 104
63, 3, 106
63, 3, 108
63, 3, 110
63, 3, 112
63, 3, 114
63, 3, 115
63, 3, 116
63, 3, 117
63, 3, 118
63, 3, 119
63, 3, 120
63, 3, 121
63, 3, 122
63, 3, 123
63, 3, 124
63, 3, 125
39, 3, 5
39, 3, 6
39, 3, 7
39, 3, 8
39, 3, 9
39, 3, 10
39, 3, 11
39, 3, 12
39, 3, 13
39, 3, 14
39, 3, 15
39, 3, 16
39, 3, 18
39, 3, 20
39, 3, 22
39, 3, 24
39, 3, 26
39, 3, 27
39, 3, 28
39, 3, 29
39, 3, 30
39, 3, 31
39, 3, 32
39, 3, 33
39, 3, 34
39, 3, 35
39, 3, 36
39, 3, 37
39, 3, 38
39, 3, 40
39, 3, 42
39, 3, 44
39, 3, 46
39, 3, 48
39, 3, 49
39, 3, 50
39, 3, 51
39, 3, 52
39, 3, 53
39, 3, 54
39, 3, 55
39, 3, 56
39, 3, 57
39, 3, 58
39, 3, 59
39, 3, 60
39, 3, 62
39, 3, 64
39, 3, 66
39, 3, 68
39, 3, 70
39, 3, 71
39, 3, 72
39, 3, 73
39, 3, 74
39, 3, 75
39, 3, 76
39, 3, 77
39, 3, 78
39, 3, 79
39, 3, 80
39, 3, 81
39, 3, 82
39, 3, 84
39, 3, 86
39, 3, 88
39, 3, 90
39, 3, 92
39, 3, 93
39, 3, 94
39, 3, 95
39, 3, 96
39, 3, 97
39, 3, 98
39, 3, 99
39, 3, 100
39, 3, 101
39, 3, 102
39, 3, 103
39, 3, 104
39, 3, 106
39, 3, 108
39, 3, 110
39, 3, 112
39, 3, 114
39, 3, 115
39, 3, 116
39, 3, 117
39, 3, 118
39, 3, 119
39, 3, 120
39, 3, 121
39, 3, 122
39, 3, 123
39, 3, 124
39, 3, 125
109, 3, 5
109, 3, 6
109, 3, 7
109, 3, 8
109, 3, 9
109, 3, 10
109, 3, 11
109, 3, 12
109, 3, 13
109, 3, 14
109, 3, 15
109, 3, 16
109, 3, 18
109, 3, 20
109, 3, 22
109, 3, 24
109, 3, 26
109, 3, 27
109, 3, 28
109, 3, 29
109, 3, 30
109, 3, 31
109, 3, 32
109, 3, 33
109, 3, 34
109, 3, 35
109, 3, 36
109, 3, 37
109, 3, 38
109, 3, 40
109, 3, 42
109, 3, 44
109, 3, 46
109, 3, 48
109, 3, 49
109, 3, 50
109, 3, 51
109, 3, 52
109, 3, 53
109, 3, 54
109, 3, 55
109, 3, 56
109, 3, 57
109, 3, 58
109, 3, 59
109, 3, 60
109, 3, 62
109, 3, 64
109, 3, 66
109, 3, 68
109, 3, 70
109, 3, 71
109, 3, 72
109, 3, 73
109, 3, 74
109, 3, 75
109, 3, 76
109, 3, 77
109, 3, 78
109, 3, 79
109, 3, 80
109, 3, 81
109, 3, 82
109, 3, 84
109, 3, 86
109, 3, 88
109, 3, 90
109, 3, 92
109, 3, 93
109, 3, 94
109, 3, 95
109, 3, 96
109, 3, 97
109, 3, 98
109, 3, 99
109, 3, 100
109, 3, 101
109, 3, 102
109, 3, 103
109, 3, 104
109, 3, 106
109, 3, 108
109, 3, 110
109, 3, 112
109, 3, 114
109, 3, 115
109, 3, 116
109, 3, 117
109, 3, 118
109, 3, 119
109, 3, 120
109, 3, 121
109, 3, 122
109, 3, 123
109, 3, 124
109, 3, 125
65, 3, 5
65, 3, 6
65, 3, 7
65, 3, 8
65, 3, 9
65, 3, 10
65, 3, 11
65, 3, 12
65, 3, 13
65, 3, 14
65, 3, 15
65, 3, 16
65, 3, 18
65, 3, 20
65, 3, 22
65, 3, 24
65, 3, 26
65, 3, 27
65, 3, 28
65, 3, 29
65, 3, 30
65, 3, 31
65, 3, 32
65, 3, 33
65, 3, 34
65, 3, 35
65, 3, 36
65, 3, 37
65, 3, 38
65, 3, 40
65, 3, 42
65, 3, 44
65, 3, 46
65, 3, 48
65, 3, 49
65, 3, 50
65, 3, 51
65, 3, 52
65, 3, 53
65, 3, 54
65, 3, 55
65, 3, 56
65, 3, 57
65, 3, 58
65, 3, 59
65, 3, 60
65, 3, 62
65, 3, 64
65, 3, 66
65, 3, 68
65, 3, 70
65, 3, 71
65, 3, 72
65, 3, 73
65, 3, 74
65, 3, 75
65, 3, 76
65, 3, 77
65, 3, 78
65, 3, 79
65, 3, 80
65, 3, 81
65, 3, 82
65, 3, 84
65, 3, 86
65, 3, 88
65, 3, 90
65, 3, 92
65, 3, 93
65, 3, 94
65, 3, 95
65, 3, 96
65, 3, 97
65, 3, 98
65, 3, 99
65, 3, 100
65, 3, 101
65, 3, 102
65, 3, 103
65, 3, 104
65, 3, 106
65, 3, 108
65, 3, 110
65, 3, 112
65, 3, 114
65, 3, 115
65, 3, 116
65, 3, 117
65, 3, 118
65, 3, 119
65, 3, 120
65, 3, 121
65, 3, 122
65, 3, 123
65, 3, 124
65, 3, 125
67, 3, 5
67, 3, 6
67, 3, 7
67, 3, 8
67, 3, 9
67, 3, 10
67, 3, 11
67, 3, 12
67, 3, 13
67, 3, 14
67, 3, 15
67, 3, 16
67, 3, 18
67, 3, 20
67, 3, 22
67, 3, 24
67, 3, 26
67, 3, 27
67, 3, 28
67, 3, 29
67, 3, 30
67, 3, 31
67, 3, 32
67, 3, 33
67, 3, 34
67, 3, 35
67, 3, 36
67, 3, 37
67, 3, 38
67, 3, 40
67, 3, 42
67, 3, 44
67, 3, 46
67, 3, 48
67, 3, 49
67, 3, 50
67, 3, 51
67, 3, 52
67, 3, 53
67, 3, 54
67, 3, 55
67, 3, 56
67, 3, 57
67, 3, 58
67, 3, 59
67, 3, 60
67, 3, 62
67, 3, 64
67, 3, 66
67, 3, 68
67, 3, 70
67, 3, 71
67, 3, 72
67, 3, 73
67, 3, 74
67, 3, 75
67, 3, 76
67, 3, 77
67, 3, 78
67, 3, 79
67, 3, 80
67, 3, 81
67, 3, 82
67, 3, 84
67, 3, 86
67, 3, 88
67, 3, 90
67, 3, 92
67, 3, 93
67, 3, 94
67, 3, 95
67, 3, 96
67, 3, 97
67, 3, 98
67, 3, 99
67, 3, 100
67, 3, 101
67, 3, 102
67, 3, 103
67, 3, 104
67, 3, 106
67, 3, 108
67, 3, 110
67, 3, 112
67, 3, 114
67, 3, 115
67, 3, 116
67, 3, 117
67, 3, 118
67, 3, 119
67, 3, 120
67, 3, 121
67, 3, 122
67, 3, 123
67, 3, 124
67, 3, 125
111, 3, 5
111, 3, 6
111, 3, 7
111, 3, 8
111, 3, 9
111, 3, 10
111, 3, 11
111, 3, 12
111, 3, 13
111, 3, 14
111, 3, 15
111, 3, 16
111, 3, 18
111, 3, 20
111, 3, 22
111, 3, 24
111, 3, 26
111, 3, 27
111, 3, 28
111, 3, 29
111, 3, 30
111, 3, 31
111, 3, 32
111, 3, 33
111, 3, 34
111, 3, 35
111, 3, 36
111, 3, 37
111, 3, 38
111, 3, 40
111, 3, 42
111, 3, 44
111, 3, 46
111, 3, 48
111, 3, 49
111, 3, 50
111, 3, 51
111, 3, 52
111, 3, 53
111, 3, 54
111, 3, 55
111, 3, 56
111, 3, 57
111, 3, 58
111, 3, 59
111, 3, 60
111, 3, 62
111, 3, 64
111, 3, 66
111, 3, 68
111, 3, 70
111, 3, 71
111, 3, 72
111, 3, 73
111, 3, 74
111, 3, 75
111, 3, 76
111, 3, 77
111, 3, 78
111, 3, 79
111, 3, 80
111, 3, 81
111, 3, 82
111, 3, 84
111, 3, 86
111, 3, 88
111, 3, 90
111, 3, 92
111, 3, 93
111, 3, 94
111, 3, 95
111, 3, 96
111, 3, 97
111, 3, 98
111, 3, 99
111, 3, 100
111, 3, 101
111, 3, 102
111, 3, 103
111, 3, 104
111, 3, 106
111, 3, 108
111, 3, 110
111, 3, 112
111, 3, 114
111, 3, 115
111, 3, 116
111, 3, 117
111, 3, 118
111, 3, 119
111, 3, 120
111, 3, 121
111, 3, 122
111, 3, 123
111, 3, 124
111, 3, 125
107, 3, 5
107, 3, 6
107, 3, 7
107, 3, 8
107, 3, 9
107, 3, 10
107, 3, 11
107, 3, 12
107, 3, 13
107, 3, 14
107, 3, 15
107, 3, 16
107, 3, 18
107, 3, 20
107, 3, 22
107, 3, 24
107, 3, 26
107, 3, 27
107, 3, 28
107, 3, 29
107, 3, 30
107, 3, 31
107, 3, 32
107, 3, 33
107, 3, 34
107, 3, 35
107, 3, 36
107, 3, 37
107, 3, 38
107, 3, 40
107, 3, 42
107, 3, 44
107, 3, 46
107, 3, 48
107, 3, 49
107, 3, 50
107, 3, 51
107, 3, 52
107, 3, 53
107, 3, 54
107, 3, 55
107, 3, 56
107, 3, 57
107, 3, 58
107, 3, 59
107, 3, 60
107, 3, 62
107, 3, 64
107, 3, 66
107, 3, 68
107, 3, 70
107, 3, 71
107, 3, 72
107, 3, 73
107, 3, 74
107, 3, 75
107, 3, 76
107, 3, 77
107, 3, 78
107, 3, 79
107, 3, 80
107, 3, 81
107, 3, 82
107, 3, 84
107, 3, 86
107, 3, 88
107, 3, 90
107, 3, 92
107, 3, 93
107, 3, 94
107, 3, 95
107, 3, 96
107, 3, 97
107, 3, 98
107, 3, 99
107, 3, 100
107, 3, 101
107, 3, 102
107, 3, 103
107, 3, 104
107, 3, 106
107, 3, 108
107, 3, 110
107, 3, 112
107, 3, 114
107, 3, 115
107, 3, 116
107, 3, 117
107, 3, 118
107, 3, 119
107, 3, 120
107, 3, 121
107, 3, 122
107, 3, 123
107, 3, 124
107, 3, 125
91, 3, 5
91, 3, 6
91, 3, 7
91, 3, 8
91, 3, 9
91, 3, 10
91, 3, 11
91, 3, 12
91, 3, 13
91, 3, 14
91, 3, 15
91, 3, 16
91, 3, 18
91, 3, 20
91, 3, 22
91, 3, 24
91, 3, 26
91, 3, 27
91, 3, 28
91, 3, 29
91, 3, 30
91, 3, 31
91, 3, 32
91, 3, 33
91, 3, 34
91, 3, 35
91, 3, 36
91, 3, 37
91, 3, 38
91, 3, 40
91, 3, 42
91, 3, 44
91, 3, 46
91, 3, 48
91, 3, 49
91, 3, 50
91, 3, 51
91, 3, 52
91, 3, 53
91, 3, 54
91, 3, 55
91, 3, 56
91, 3, 57
91, 3, 58
91, 3, 59
91, 3, 60
91, 3, 62
91, 3, 64
91, 3, 66
91, 3, 68
91, 3, 70
91, 3, 71
91, 3, 72
91, 3, 73
91, 3, 74
91, 3, 75
91, 3, 76
91, 3, 77
91, 3, 78
91, 3, 79
91, 3, 80
91, 3, 81
91, 3, 82
91, 3, 84
91, 3, 86
91, 3, 88
91, 3, 90
91, 3, 92
91, 3, 93
91, 3, 94
91, 3, 95
91, 3, 96
91, 3, 97
91, 3, 98
91, 3, 99
91, 3, 100
91, 3, 101
91, 3, 102
91, 3, 103
91, 3, 104
91, 3, 106
91, 3, 108
91, 3, 110
91, 3, 112
91, 3, 114
91, 3, 115
91, 3, 116
91, 3, 117
91, 3, 118
91, 3, 119
91, 3, 120
91, 3, 121
91, 3, 122
91, 3, 123
91, 3, 124
91, 3, 125
17, 3, 5
17, 3, 6
17, 3, 7
17, 3, 8
17, 3, 9
17, 3, 10
17, 3, 11
17, 3, 12
17, 3, 13
17, 3, 14
17, 3, 15
17, 3, 16
17, 3, 18
17, 3, 20
17, 3, 22
17, 3, 24
17, 3, 26
17, 3, 27
17, 3, 28
17, 3, 29
17, 3, 30
17, 3, 31
17, 3, 32
17, 3, 33
17, 3, 34
17, 3, 35
17, 3, 36
17, 3, 37
17, 3, 38
17, 3, 40
17, 3, 42
17, 3, 44
17, 3, 46
17, 3, 48
17, 3, 49
17, 3, 50
17, 3, 51
17, 3, 52
17, 3, 53
17, 3, 54
17, 3, 55
17, 3, 56
17, 3, 57
17, 3, 58
17, 3, 59
17, 3, 60
17, 3, 62
17, 3, 64
17, 3, 66
17, 3, 68
17, 3, 70
17, 3, 71
17, 3, 72
17, 3, 73
17, 3, 74
17, 3, 75
17, 3, 76
17, 3, 77
17, 3, 78
17, 3, 79
17, 3, 80
17, 3, 81
17, 3, 82
17, 3, 84
17, 3, 86
17, 3, 88
17, 3, 90
17, 3, 92
17, 3, 93
17, 3, 94
17, 3, 95
17, 3, 96
17, 3, 97
17, 3, 98
17, 3, 99
17, 3, 100
17, 3, 101
17, 3, 102
17, 3, 103
17, 3, 104
17, 3, 106
17, 3, 108
17, 3, 110
17, 3, 112
17, 3, 114
17, 3, 115
17, 3, 116
17, 3, 117
17, 3, 118
17, 3, 119
17, 3, 120
17, 3, 121
17, 3, 122
17, 3, 123
17, 3, 124
17, 3, 125
87, 4, 5
87, 4, 6
87, 4, 7
87, 4, 8
87, 4, 9
87, 4, 10
87, 4, 11
87, 4, 12
87, 4, 13
87, 4, 14
87, 4, 15
87, 4, 16
87, 4, 18
87, 4, 20
87, 4, 22
87, 4, 24
87, 4, 26
87, 4, 27
87, 4, 28
87, 4, 29
87, 4, 30
87, 4, 31
87, 4, 32
87, 4, 33
87, 4, 34
87, 4, 35
87, 4, 36
87, 4, 37
87, 4, 38
87, 4, 40
87, 4, 42
87, 4, 44
87, 4, 46
87, 4, 48
87, 4, 49
87, 4, 50
87, 4, 51
87, 4, 52
87, 4, 53
87, 4, 54
87, 4, 55
87, 4, 56
87, 4, 57
87, 4, 58
87, 4, 59
87, 4, 60
87, 4, 62
87, 4, 64
87, 4, 66
87, 4, 68
87, 4, 70
87, 4, 71
87, 4, 72
87, 4, 73
87, 4, 74
87, 4, 75
87, 4, 76
87, 4, 77
87, 4, 78
87, 4, 79
87, 4, 80
87, 4, 81
87, 4, 82
87, 4, 84
87, 4, 86
87, 4, 88
87, 4, 90
87, 4, 92
87, 4, 93
87, 4, 94
87, 4, 95
87, 4, 96
87, 4, 97
87, 4, 98
87, 4, 99
87, 4, 100
87, 4, 101
87, 4, 102
87, 4, 103
87, 4, 104
87, 4, 106
87, 4, 108
87, 4, 110
87, 4, 112
87, 4, 114
87, 4, 115
87, 4, 116
87, 4, 117
87, 4, 118
87, 4, 119
87, 4, 120
87, 4, 121
87, 4, 122
87, 4, 123
87, 4, 124
87, 4, 125
25, 4, 5
25, 4, 6
25, 4, 7
25, 4, 8
25, 4, 9
25, 4, 10
25, 4, 11
25, 4, 12
25, 4, 13
25, 4, 14
25, 4, 15
25, 4, 16
25, 4, 18
25, 4, 20
25, 4, 22
25, 4, 24
25, 4, 26
25, 4, 27
25, 4, 28
25, 4, 29
25, 4, 30
25, 4, 31
25, 4, 32
25, 4, 33
25, 4, 34
25, 4, 35
25, 4, 36
25, 4, 37
25, 4, 38
25, 4, 40
25, 4, 42
25, 4, 44
25, 4, 46
25, 4, 48
25, 4, 49
25, 4, 50
25, 4, 51
25, 4, 52
25, 4, 53
25, 4, 54
25, 4, 55
25, 4, 56
25, 4, 57
25, 4, 58
25, 4, 59
25, 4, 60
25, 4, 62
25, 4, 64
25, 4, 66
25, 4, 68
25, 4, 70
25, 4, 71
25, 4, 72
25, 4, 73
25, 4, 74
25, 4, 75
25, 4, 76
25, 4, 77
25, 4, 78
25, 4, 79
25, 4, 80
25, 4, 81
25, 4, 82
25, 4, 84
25, 4, 86
25, 4, 88
25, 4, 90
25, 4, 92
25, 4, 93
25, 4, 94
25, 4, 95
25, 4, 96
25, 4, 97
25, 4, 98
25, 4, 99
25, 4, 100
25, 4, 101
25, 4, 102
25, 4, 103
25, 4, 104
25, 4, 106
25, 4, 108
25, 4, 110
25, 4, 112
25, 4, 114
25, 4, 115
25, 4, 116
25, 4, 117
25, 4, 118
25, 4, 119
25, 4, 120
25, 4, 121
25, 4, 122
25, 4, 123
25, 4, 124
25, 4, 125
105, 4, 5
105, 4, 6
105, 4, 7
105, 4, 8
105, 4, 9
105, 4, 10
105, 4, 11
105, 4, 12
105, 4, 13
105, 4, 14
105, 4, 15
105, 4, 16
105, 4, 18
105, 4, 20
105, 4, 22
105, 4, 24
105, 4, 26
105, 4, 27
105, 4, 28
105, 4, 29
105, 4, 30
105, 4, 31
105, 4, 32
105, 4, 33
105, 4, 34
105, 4, 35
105, 4, 36
105, 4, 37
105, 4, 38
105, 4, 40
105, 4, 42
105, 4, 44
105, 4, 46
105, 4, 48
105, 4, 49
105, 4, 50
105, 4, 51
105, 4, 52
105, 4, 53
105, 4, 54
105, 4, 55
105, 4, 56
105, 4, 57
105, 4, 58
105, 4, 59
105, 4, 60
105, 4, 62
105, 4, 64
105, 4, 66
105, 4, 68
105, 4, 70
105, 4, 71
105, 4, 72
105, 4, 73
105, 4, 74
105, 4, 75
105, 4, 76
105, 4, 77
105, 4, 78
105, 4, 79
105, 4, 80
105, 4, 81
105, 4, 82
105, 4, 84
105, 4, 86
105, 4, 88
105, 4, 90
105, 4, 92
105, 4, 93
105, 4, 94
105, 4, 95
105, 4, 96
105, 4, 97
105, 4, 98
105, 4, 99
105, 4, 100
105, 4, 101
105, 4, 102
105, 4, 103
105, 4, 104
105, 4, 106
105, 4, 108
105, 4, 110
105, 4, 112
105, 4, 114
105, 4, 115
105, 4, 116
105, 4, 117
105, 4, 118
105, 4, 119
105, 4, 120
105, 4, 121
105, 4, 122
105, 4, 123
105, 4, 124
105, 4, 125
19, 4, 5
19, 4, 6
19, 4, 7
19, 4, 8
19, 4, 9
19, 4, 10
19, 4, 11
19, 4, 12
19, 4, 13
19, 4, 14
19, 4, 15
19, 4, 16
19, 4, 18
19, 4, 20
19, 4, 22
19, 4, 24
19, 4, 26
19, 4, 27
19, 4, 28
19, 4, 29
19, 4, 30
19, 4, 31
19, 4, 32
19, 4, 33
19, 4, 34
19, 4, 35
19, 4, 36
19, 4, 37
19, 4, 38
19, 4, 40
19, 4, 42
19, 4, 44
19, 4, 46
19, 4, 48
19, 4, 49
19, 4, 50
19, 4, 51
19, 4, 52
19, 4, 53
19, 4, 54
19, 4, 55
19, 4, 56
19, 4, 57
19, 4, 58
19, 4, 59
19, 4, 60
19, 4, 62
19, 4, 64
19, 4, 66
19, 4, 68
19, 4, 70
19, 4, 71
19, 4, 72
19, 4, 73
19, 4, 74
19, 4, 75
19, 4, 76
19, 4, 77
19, 4, 78
19, 4, 79
19, 4, 80
19, 4, 81
19, 4, 82
19, 4, 84
19, 4, 86
19, 4, 88
19, 4, 90
19, 4, 92
19, 4, 93
19, 4, 94
19, 4, 95
19, 4, 96
19, 4, 97
19, 4, 98
19, 4, 99
19, 4, 100
19, 4, 101
19, 4, 102
19, 4, 103
19, 4, 104
19, 4, 106
19, 4, 108
19, 4, 110
19, 4, 112
19, 4, 114
19, 4, 115
19, 4, 116
19, 4, 117
19, 4, 118
19, 4, 119
19, 4, 120
19, 4, 121
19, 4, 122
19, 4, 123
19, 4, 124
19, 4, 125
65, 4, 5
65, 4, 6
65, 4, 7
65, 4, 8
65, 4, 9
65, 4, 10
65, 4, 11
65, 4, 12
65, 4, 13
65, 4, 14
65, 4, 15
65, 4, 16
65, 4, 18
65, 4, 20
65, 4, 22
65, 4, 24
65, 4, 26
65, 4, 27
65, 4, 28
65, 4, 29
65, 4, 30
65, 4, 31
65, 4, 32
65, 4, 33
65, 4, 34
65, 4, 35
65, 4, 36
65, 4, 37
65, 4, 38
65, 4, 40
65, 4, 42
65, 4, 44
65, 4, 46
65, 4, 48
65, 4, 49
65, 4, 50
65, 4, 51
65, 4, 52
65, 4, 53
65, 4, 54
65, 4, 55
65, 4, 56
65, 4, 57
65, 4, 58
65, 4, 59
65, 4, 60
65, 4, 62
65, 4, 64
65, 4, 66
65, 4, 68
65, 4, 70
65, 4, 71
65, 4, 72
65, 4, 73
65, 4, 74
65, 4, 75
65, 4, 76
65, 4, 77
65, 4, 78
65, 4, 79
65, 4, 80
65, 4, 81
65, 4, 82
65, 4, 84
65, 4, 86
65, 4, 88
65, 4, 90
65, 4, 92
65, 4, 93
65, 4, 94
65, 4, 95
65, 4, 96
65, 4, 97
65, 4, 98
65, 4, 99
65, 4, 100
65, 4, 101
65, 4, 102
65, 4, 103
65, 4, 104
65, 4, 106
65, 4, 108
65, 4, 110
65, 4, 112
65, 4, 114
65, 4, 115
65, 4, 116
65, 4, 117
65, 4, 118
65, 4, 119
65, 4, 120
65, 4, 121
65, 4, 122
65, 4, 123
65, 4, 124
65, 4, 125
39, 4, 5
39, 4, 6
39, 4, 7
39, 4, 8
39, 4, 9
39, 4, 10
39, 4, 11
39, 4, 12
39, 4, 13
39, 4, 14
39, 4, 15
39, 4, 16
39, 4, 18
39, 4, 20
39, 4, 22
39, 4, 24
39, 4, 26
39, 4, 27
39, 4, 28
39, 4, 29
39, 4, 30
39, 4, 31
39, 4, 32
39, 4, 33
39, 4, 34
39, 4, 35
39, 4, 36
39, 4, 37
39, 4, 38
39, 4, 40
39, 4, 42
39, 4, 44
39, 4, 46
39, 4, 48
39, 4, 49
39, 4, 50
39, 4, 51
39, 4, 52
39, 4, 53
39, 4, 54
39, 4, 55
39, 4, 56
39, 4, 57
39, 4, 58
39, 4, 59
39, 4, 60
39, 4, 62
39, 4, 64
39, 4, 66
39, 4, 68
39, 4, 70
39, 4, 71
39, 4, 72
39, 4, 73
39, 4, 74
39, 4, 75
39, 4, 76
39, 4, 77
39, 4, 78
39, 4, 79
39, 4, 80
39, 4, 81
39, 4, 82
39, 4, 84
39, 4, 86
39, 4, 88
39, 4, 90
39, 4, 92
39, 4, 93
39, 4, 94
39, 4, 95
39, 4, 96
39, 4, 97
39, 4, 98
39, 4, 99
39, 4, 100
39, 4, 101
39, 4, 102
39, 4, 103
39, 4, 104
39, 4, 106
39, 4, 108
39, 4, 110
39, 4, 112
39, 4, 114
39, 4, 115
39, 4, 116
39, 4, 117
39, 4, 118
39, 4, 119
39, 4, 120
39, 4, 121
39, 4, 122
39, 4, 123
39, 4, 124
39, 4, 125
113, 4, 5
113, 4, 6
113, 4, 7
113, 4, 8
113, 4, 9
113, 4, 10
113, 4, 11
113, 4, 12
113, 4, 13
113, 4, 14
113, 4, 15
113, 4, 16
113, 4, 18
113, 4, 20
113, 4, 22
113, 4, 24
113, 4, 26
113, 4, 27
113, 4, 28
113, 4, 29
113, 4, 30
113, 4, 31
113, 4, 32
113, 4, 33
113, 4, 34
113, 4, 35
113, 4, 36
113, 4, 37
113, 4, 38
113, 4, 40
113, 4, 42
113, 4, 44
113, 4, 46
113, 4, 48
113, 4, 49
113, 4, 50
113, 4, 51
113, 4, 52
113, 4, 53
113, 4, 54
113, 4, 55
113, 4, 56
113, 4, 57
113, 4, 58
113, 4, 59
113, 4, 60
113, 4, 62
113, 4, 64
113, 4, 66
113, 4, 68
113, 4, 70
113, 4, 71
113, 4, 72
113, 4, 73
113, 4, 74
113, 4, 75
113, 4, 76
113, 4, 77
113, 4, 78
113, 4, 79
113, 4, 80
113, 4, 81
113, 4, 82
113, 4, 84
113, 4, 86
113, 4, 88
113, 4, 90
113, 4, 92
113, 4, 93
113, 4, 94
113, 4, 95
113, 4, 96
113, 4, 97
113, 4, 98
113, 4, 99
113, 4, 100
113, 4, 101
113, 4, 102
113, 4, 103
113, 4, 104
113, 4, 106
113, 4, 108
113, 4, 110
113, 4, 112
113, 4, 114
113, 4, 115
113, 4, 116
113, 4, 117
113, 4, 118
113, 4, 119
113, 4, 120
113, 4, 121
113, 4, 122
113, 4, 123
113, 4, 124
113, 4, 125
61, 4, 5
61, 4, 6
61, 4, 7
61, 4, 8
61, 4, 9
61, 4, 10
61, 4, 11
61, 4, 12
61, 4, 13
61, 4, 14
61, 4, 15
61, 4, 16
61, 4, 18
61, 4, 20
61, 4, 22
61, 4, 24
61, 4, 26
61, 4, 27
61, 4, 28
61, 4, 29
61, 4, 30
61, 4, 31
61, 4, 32
61, 4, 33
61, 4, 34
61, 4, 35
61, 4, 36
61, 4, 37
61, 4, 38
61, 4, 40
61, 4, 42
61, 4, 44
61, 4, 46
61, 4, 48
61, 4, 49
61, 4, 50
61, 4, 51
61, 4, 52
61, 4, 53
61, 4, 54
61, 4, 55
61, 4, 56
61, 4, 57
61, 4, 58
61, 4, 59
61, 4, 60
61, 4, 62
61, 4, 64
61, 4, 66
61, 4, 68
61, 4, 70
61, 4, 71
61, 4, 72
61, 4, 73
61, 4, 74
61, 4, 75
61, 4, 76
61, 4, 77
61, 4, 78
61, 4, 79
61, 4, 80
61, 4, 81
61, 4, 82
61, 4, 84
61, 4, 86
61, 4, 88
61, 4, 90
61, 4, 92
61, 4, 93
61, 4, 94
61, 4, 95
61, 4, 96
61, 4, 97
61, 4, 98
61, 4, 99
61, 4, 100
61, 4, 101
61, 4, 102
61, 4, 103
61, 4, 104
61, 4, 106
61, 4, 108
61, 4, 110
61, 4, 112
61, 4, 114
61, 4, 115
61, 4, 116
61, 4, 117
61, 4, 118
61, 4, 119
61, 4, 120
61, 4, 121
61, 4, 122
61, 4, 123
61, 4, 124
61, 4, 125
89, 4, 5
89, 4, 6
89, 4, 7
89, 4, 8
89, 4, 9
89, 4, 10
89, 4, 11
89, 4, 12
89, 4, 13
89, 4, 14
89, 4, 15
89, 4, 16
89, 4, 18
89, 4, 20
89, 4, 22
89, 4, 24
89, 4, 26
89, 4, 27
89, 4, 28
89, 4, 29
89, 4, 30
89, 4, 31
89, 4, 32
89, 4, 33
89, 4, 34
89, 4, 35
89, 4, 36
89, 4, 37
89, 4, 38
89, 4, 40
89, 4, 42
89, 4, 44
89, 4, 46
89, 4, 48
89, 4, 49
89, 4, 50
89, 4, 51
89, 4, 52
89, 4, 53
89, 4, 54
89, 4, 55
89, 4, 56
89, 4, 57
89, 4, 58
89, 4, 59
89, 4, 60
89, 4, 62
89, 4, 64
89, 4, 66
89, 4, 68
89, 4, 70
89, 4, 71
89, 4, 72
89, 4, 73
89, 4, 74
89, 4, 75
89, 4, 76
89, 4, 77
89, 4, 78
89, 4, 79
89, 4, 80
89, 4, 81
89, 4, 82
89, 4, 84
89, 4, 86
89, 4, 88
89, 4, 90
89, 4, 92
89, 4, 93
89, 4, 94
89, 4, 95
89, 4, 96
89, 4, 97
89, 4, 98
89, 4, 99
89, 4, 100
89, 4, 101
89, 4, 102
89, 4, 103
89, 4, 104
89, 4, 106
89, 4, 108
89, 4, 110
89, 4, 112
89, 4, 114
89, 4, 115
89, 4, 116
89, 4, 117
89, 4, 118
89, 4, 119
89, 4, 120
89, 4, 121
89, 4, 122
89, 4, 123
89, 4, 124
89, 4, 125
41, 4, 5
41, 4, 6
41, 4, 7
41, 4, 8
41, 4, 9
41, 4, 10
41, 4, 11
41, 4, 12
41, 4, 13
41, 4, 14
41, 4, 15
41, 4, 16
41, 4, 18
41, 4, 20
41, 4, 22
41, 4, 24
41, 4, 26
41, 4, 27
41, 4, 28
41, 4, 29
41, 4, 30
41, 4, 31
41, 4, 32
41, 4, 33
41, 4, 34
41, 4, 35
41, 4, 36
41, 4, 37
41, 4, 38
41, 4, 40
41, 4, 42
41, 4, 44
41, 4, 46
41, 4, 48
41, 4, 49
41, 4, 50
41, 4, 51
41, 4, 52
41, 4, 53
41, 4, 54
41, 4, 55
41, 4, 56
41, 4, 57
41, 4, 58
41, 4, 59
41, 4, 60
41, 4, 62
41, 4, 64
41, 4, 66
41, 4, 68
41, 4, 70
41, 4, 71
41, 4, 72
41, 4, 73
41, 4, 74
41, 4, 75
41, 4, 76
41, 4, 77
41, 4, 78
41, 4, 79
41, 4, 80
41, 4, 81
41, 4, 82
41, 4, 84
41, 4, 86
41, 4, 88
41, 4, 90
41, 4, 92
41, 4, 93
41, 4, 94
41, 4, 95
41, 4, 96
41, 4, 97
41, 4, 98
41, 4, 99
41, 4, 100
41, 4, 101
41, 4, 102
41, 4, 103
41, 4, 104
41, 4, 106
41, 4, 108
41, 4, 110
41, 4, 112
41, 4, 114
41, 4, 115
41, 4, 116
41, 4, 117
41, 4, 118
41, 4, 119
41, 4, 120
41, 4, 121
41, 4, 122
41, 4, 123
41, 4, 124
41, 4, 125
