209, 208, 210, 211, 1.75773
209, 208, 211, 212, 0.38334
209, 208, 212, 213, 0.133561
209, 208, 213, 214, 0.0646314
209, 208, 214, 215, 0.0359025
209, 208, 215, 216, 0.0211588
210, 208, 217, 219, 0.0407503
210, 208, 218, 220, 0.0286405
210, 208, 219, 221, 0.0218846
210, 208, 220, 222, 0.01664
210, 208, 221, 223, 0.0132222
210, 208, 222, 224, 0.0106045
211, 208, 224, 227, 0.0163338
211, 208, 225, 228, 0.0135845
211, 208, 226, 229, 0.0116707
211, 208, 227, 230, 0.0100409
211, 208, 228, 231, 0.00856105
211, 208, 229, 232, 0.00720355
212, 208, 231, 235, 0.0100786
212, 208, 232, 236, 0.00857802
212, 208, 233, 237, 0.00758679
212, 208, 234, 238, 0.00673611
212, 208, 235, 239, 0.0061376
213, 208, 238, 243, 0.00683636
213, 208, 239, 244, 0.00611403
213, 208, 242, 247, 0.00445134
213, 208, 243, 248, 0.00399317
210, 209, 211, 212, 1.73592
210, 209, 212, 213, 0.370094
210, 209, 213, 214, 0.139116
210, 209, 214, 215, 0.0646775
210, 209, 215, 216, 0.0344215
210, 209, 216, 217, 0.0210194
211, 209, 218, 220, 0.0404855
211, 209, 219, 221, 0.0294546
211, 209, 220, 222, 0.0213801
211, 209, 221, 223, 0.0169382
211, 209, 222, 224, 0.0131244
211, 209, 223, 225, 0.0109526
212, 209, 225, 228, 0.0166983
212, 209, 226, 229, 0.0140667
212, 209, 227, 230, 0.0116328
212, 209, 228, 231, 0.0100718
212, 209, 229, 232, 0.00834704
212, 209, 230, 233, 0.0073897
213, 209, 232, 236, 0.00983817
213, 209, 233, 237, 0.00886334
213, 209, 234, 238, 0.00776
213, 209, 235, 239, 0.00694211
214, 209, 239, 244, 0.00676743
214, 209, 242, 247, 0.00494881
214, 209, 243, 248, 0.00440104
211, 210, 212, 213, 1.68211
211, 210, 213, 214, 0.385739
211, 210, 214, 215, 0.137784
211, 210, 215, 216, 0.0628839
211, 210, 216, 217, 0.0353052
211, 210, 217, 218, 0.0211723
212, 210, 219, 221, 0.0413253
212, 210, 220, 222, 0.0295093
212, 210, 221, 223, 0.0224379
212, 210, 222, 224, 0.0170334
212, 210, 223, 225, 0.0135196
212, 210, 224, 226, 0.0110748
213, 210, 226, 229, 0.0165984
213, 210, 227, 230, 0.0142539
213, 210, 228, 231, 0.0117491
213, 210, 229, 232, 0.0098328
213, 210, 230, 233, 0.00858604
213, 210, 231, 234, 0.00735882
214, 210, 233, 237, 0.0102231
214, 210, 234, 238, 0.00893475
214, 210, 235, 239, 0.00788623
214, 210, 238, 242, 0.00534075
215, 210, 242, 247, 0.0055816
215, 210, 243, 248, 0.00480429
212, 211, 213, 214, 1.86244
212, 211, 214, 215, 0.384749
212, 211, 215, 216, 0.140225
212, 211, 216, 217, 0.0654297
212, 211, 217, 218, 0.035162
212, 211, 218, 219, 0.0217428
213, 211, 220, 222, 0.0415833
213, 211, 221, 223, 0.0300755
213, 211, 222, 224, 0.022327
213, 211, 223, 225, 0.0173686
213, 211, 224, 226, 0.0139622
213, 211, 225, 227, 0.0108054
214, 211, 227, 230, 0.0168351
214, 211, 228, 231, 0.0143501
214, 211, 229, 232, 0.0117645
214, 211, 230, 233, 0.0100256
214, 211, 231, 234, 0.00869006
214, 211, 232, 235, 0.00734594
215, 211, 234, 238, 0.010259
215, 211, 235, 239, 0.00877445
215, 211, 238, 242, 0.00598629
215, 211, 239, 243, 0.00550925
216, 211, 242, 247, 0.00603266
216, 211, 243, 248, 0.00536974
213, 212, 214, 215, 1.79232
213, 212, 215, 216, 0.387242
213, 212, 216, 217, 0.141894
213, 212, 217, 218, 0.0632632
213, 212, 218, 219, 0.0356526
213, 212, 219, 220, 0.0212783
214, 212, 221, 223, 0.0414831
214, 212, 222, 224, 0.0305477
214, 212, 223, 225, 0.0232342
214, 212, 224, 226, 0.0172594
214, 212, 225, 227, 0.0137353
214, 212, 226, 228, 0.0110781
215, 212, 228, 231, 0.0170873
215, 212, 229, 232, 0.0140574
215, 212, 230, 233, 0.0119238
215, 212, 231, 234, 0.00991032
215, 212, 232, 235, 0.00861066
215, 212, 233, 236, 0.00739071
216, 212, 235, 239, 0.0100195
216, 212, 238, 242, 0.00677968
216, 212, 239, 243, 0.00606019
217, 212, 242, 247, 0.00672184
217, 212, 243, 248, 0.00598286
214, 213, 215, 216, 1.8647
214, 213, 216, 217, 0.385796
214, 213, 217, 218, 0.139133
214, 213, 218, 219, 0.0660356
214, 213, 219, 220, 0.0355681
214, 213, 220, 221, 0.0213908
215, 213, 222, 224, 0.0431499
215, 213, 223, 225, 0.031005
215, 213, 224, 226, 0.023371
215, 213, 225, 227, 0.0178267
215, 213, 226, 228, 0.0138921
215, 213, 227, 229, 0.011326
216, 213, 229, 232, 0.0171663
216, 213, 230, 233, 0.0146271
216, 213, 231, 234, 0.0122307
216, 213, 232, 235, 0.0101101
216, 213, 233, 236, 0.00875683
216, 213, 234, 237, 0.00747174
217, 213, 238, 242, 0.00783044
217, 213, 239, 243, 0.00694659
218, 213, 243, 248, 0.00679098
215, 214, 216, 217, 1.7193
215, 214, 217, 218, 0.373227
215, 214, 218, 219, 0.138343
215, 214, 219, 220, 0.0631041
215, 214, 220, 221, 0.0347438
215, 214, 221, 222, 0.0217747
216, 214, 223, 225, 0.0437745
216, 214, 224, 226, 0.0315149
216, 214, 225, 227, 0.0239532
216, 214, 226, 228, 0.0183584
216, 214, 227, 229, 0.0142446
216, 214, 228, 230, 0.0115176
217, 214, 230, 233, 0.0177311
217, 214, 231, 234, 0.0147976
217, 214, 232, 235, 0.0124049
217, 214, 233, 236, 0.0104249
217, 214, 234, 237, 0.00895737
217, 214, 235, 238, 0.00775346
218, 214, 238, 242, 0.00898639
218, 214, 239, 243, 0.0080882
218, 214, 242, 246, 0.005501
216, 215, 217, 218, 1.93754
216, 215, 218, 219, 0.385548
216, 215, 219, 220, 0.139221
216, 215, 220, 221, 0.0669898
216, 215, 221, 222, 0.0366162
216, 215, 222, 223, 0.022477
217, 215, 224, 226, 0.0442383
217, 215, 225, 227, 0.0321619
217, 215, 226, 228, 0.0242727
217, 215, 227, 229, 0.0185886
217, 215, 228, 230, 0.0147406
217, 215, 229, 231, 0.0116663
218, 215, 231, 234, 0.0178979
218, 215, 232, 235, 0.015149
218, 215, 233, 236, 0.0124042
218, 215, 234, 237, 0.010422
218, 215, 235, 238, 0.00902094
218, 215, 236, 239, 0.00760933
219, 215, 238, 242, 0.0107541
219, 215, 239, 243, 0.00942678
219, 215, 242, 246, 0.00634975
219, 215, 243, 247, 0.00555723
217, 216, 218, 219, 1.65152
217, 216, 219, 220, 0.373928
217, 216, 220, 221, 0.140136
217, 216, 221, 222, 0.0643357
217, 216, 222, 223, 0.0359943
217, 216, 223, 224, 0.0230779
218, 216, 225, 227, 0.0445351
218, 216, 226, 228, 0.0328219
218, 216, 227, 229, 0.0242882
218, 216, 228, 230, 0.0186767
218, 216, 229, 231, 0.0149748
218, 216, 230, 232, 0.011901
219, 216, 232, 235, 0.0183645
219, 216, 233, 236, 0.0156377
219, 216, 234, 237, 0.0128476
219, 216, 235, 238, 0.0108946
219, 216, 236, 239, 0.00916254
220, 216, 239, 243, 0.010903
220, 216, 242, 246, 0.00732907
220, 216, 243, 247, 0.00640721
220, 216, 244, 248, 0.00539904
218, 217, 219, 220, 1.77148
218, 217, 220, 221, 0.381863
218, 217, 221, 222, 0.1357
218, 217, 222, 223, 0.0656618
218, 217, 223, 224, 0.03713
218, 217, 224, 225, 0.022922
219, 217, 226, 228, 0.0468495
219, 217, 227, 229, 0.0337006
219, 217, 228, 230, 0.025271
219, 217, 229, 231, 0.0197301
219, 217, 230, 232, 0.0156355
219, 217, 231, 233, 0.012228
220, 217, 233, 236, 0.0187246
220, 217, 234, 237, 0.0159943
220, 217, 235, 238, 0.0132073
220, 217, 236, 239, 0.0111143
221, 217, 242, 246, 0.00852613
221, 217, 243, 247, 0.00717527
221, 217, 244, 248, 0.00614943
219, 218, 220, 221, 1.67162
219, 218, 221, 222, 0.369693
219, 218, 222, 223, 0.136215
219, 218, 223, 224, 0.0671273
219, 218, 224, 225, 0.03734
219, 218, 225, 226, 0.0239023
220, 218, 227, 229, 0.047625
220, 218, 228, 230, 0.0348324
220, 218, 229, 231, 0.0257017
220, 218, 230, 232, 0.0204917
220, 218, 231, 233, 0.0156133
220, 218, 232, 234, 0.0126751
221, 218, 234, 237, 0.019351
221, 218, 235, 238, 0.0160728
221, 218, 236, 239, 0.0137963
221, 218, 239, 242, 0.00838924
222, 218, 242, 246, 0.0097007
222, 218, 243, 247, 0.00855863
222, 218, 244, 248, 0.00712326
220, 219, 221, 222, 1.73812
220, 219, 222, 223, 0.378494
220, 219, 223, 224, 0.142621
220, 219, 224, 225, 0.0672971
220, 219, 225, 226, 0.0386756
220, 219, 226, 227, 0.0247231
221, 219, 228, 230, 0.0497685
221, 219, 229, 231, 0.0352967
221, 219, 230, 232, 0.0267405
221, 219, 231, 233, 0.0210129
221, 219, 232, 234, 0.0160268
221, 219, 233, 235, 0.0129533
222, 219, 235, 238, 0.0196693
222, 219, 236, 239, 0.0165522
222, 219, 239, 242, 0.0100031
223, 219, 242, 246, 0.0114609
223, 219, 243, 247, 0.00977048
223, 219, 244, 248, 0.00829032
221, 220, 222, 223, 1.75774
221, 220, 223, 224, 0.382296
221, 220, 224, 225, 0.139366
221, 220, 225, 226, 0.0683249
221, 220, 226, 227, 0.0392214
221, 220, 227, 228, 0.0251371
222, 220, 229, 231, 0.0500422
222, 220, 230, 232, 0.0361509
222, 220, 231, 233, 0.0271654
222, 220, 232, 234, 0.0210116
222, 220, 233, 235, 0.0168323
222, 220, 234, 236, 0.0133393
223, 220, 236, 239, 0.0205396
223, 220, 239, 242, 0.0118241
224, 220, 243, 247, 0.0111453
224, 220, 244, 248, 0.00971149
222, 221, 223, 224, 1.69627
222, 221, 224, 225, 0.37755
222, 221, 225, 226, 0.138333
222, 221, 226, 227, 0.06752
222, 221, 227, 228, 0.0399028
222, 221, 228, 229, 0.0252706
223, 221, 230, 232, 0.0508646
223, 221, 231, 233, 0.0366852
223, 221, 232, 234, 0.0276963
223, 221, 233, 235, 0.020953
223, 221, 234, 236, 0.0164647
223, 221, 235, 237, 0.0134767
224, 221, 239, 242, 0.0138974
224, 221, 242, 245, 0.00855349
225, 221, 244, 248, 0.0109309
223, 222, 224, 225, 1.8359
223, 222, 225, 226, 0.38021
223, 222, 226, 227, 0.139966
223, 222, 227, 228, 0.0677109
223, 222, 228, 229, 0.0401691
223, 222, 229, 230, 0.0252234
224, 222, 231, 233, 0.050534
224, 222, 232, 234, 0.0363017
224, 222, 233, 235, 0.0279042
224, 222, 234, 236, 0.0211209
224, 222, 235, 237, 0.0171758
224, 222, 236, 238, 0.0136789
225, 222, 239, 242, 0.0173352
225, 222, 242, 245, 0.01
225, 222, 243, 246, 0.00860819
224, 223, 225, 226, 1.67077
224, 223, 226, 227, 0.374266
224, 223, 227, 228, 0.139937
224, 223, 228, 229, 0.0677304
224, 223, 229, 230, 0.0382411
224, 223, 230, 231, 0.0250155
225, 223, 232, 234, 0.0504822
225, 223, 233, 235, 0.0376169
225, 223, 234, 236, 0.0282353
225, 223, 235, 237, 0.0219288
225, 223, 236, 238, 0.0169117
225, 223, 237, 239, 0.0135868
226, 223, 239, 242, 0.020331
226, 223, 242, 245, 0.0121863
226, 223, 243, 246, 0.0102214
226, 223, 244, 247, 0.00858837
225, 224, 226, 227, 1.69851
225, 224, 227, 228, 0.381681
225, 224, 228, 229, 0.138795
225, 224, 229, 230, 0.0672215
225, 224, 230, 231, 0.0402562
225, 224, 231, 232, 0.0244852
226, 224, 233, 235, 0.0498957
226, 224, 234, 236, 0.0378368
226, 224, 235, 237, 0.0277997
226, 224, 236, 238, 0.0216264
226, 224, 237, 239, 0.0167425
227, 224, 242, 245, 0.0140619
227, 224, 243, 246, 0.0119075
227, 224, 244, 247, 0.00991992
227, 224, 245, 248, 0.00803507
226, 225, 227, 228, 1.78464
226, 225, 228, 229, 0.383515
226, 225, 229, 230, 0.138222
226, 225, 230, 231, 0.0697352
226, 225, 231, 232, 0.0385299
226, 225, 232, 233, 0.025095
227, 225, 234, 236, 0.0509898
227, 225, 235, 237, 0.0368368
227, 225, 236, 238, 0.0280602
227, 225, 237, 239, 0.0222099
228, 225, 242, 245, 0.0172135
228, 225, 243, 246, 0.0143161
228, 225, 244, 247, 0.0117781
228, 225, 245, 248, 0.00951334
227, 226, 228, 229, 1.77485
227, 226, 229, 230, 0.385866
227, 226, 230, 231, 0.142027
227, 226, 231, 232, 0.0687259
227, 226, 232, 233, 0.039794
227, 226, 233, 234, 0.0259725
228, 226, 235, 237, 0.0521961
228, 226, 236, 238, 0.0378612
228, 226, 237, 239, 0.0280431
229, 226, 242, 245, 0.0205771
229, 226, 243, 246, 0.0168491
229, 226, 244, 247, 0.0138849
229, 226, 245, 248, 0.0112609
228, 227, 229, 230, 1.72746
228, 227, 230, 231, 0.390354
228, 227, 231, 232, 0.140317
228, 227, 232, 233, 0.0684645
228, 227, 233, 234, 0.0400303
228, 227, 234, 235, 0.0253164
229, 227, 236, 238, 0.0510353
229, 227, 237, 239, 0.0378238
230, 227, 243, 246, 0.0206048
230, 227, 244, 247, 0.0171067
230, 227, 245, 248, 0.0136276
229, 228, 230, 231, 1.74898
229, 228, 231, 232, 0.369049
229, 228, 232, 233, 0.13952
229, 228, 233, 234, 0.0694524
229, 228, 234, 235, 0.0385581
229, 228, 235, 236, 0.0245317
230, 228, 237, 239, 0.0501867
230, 228, 242, 244, 0.0139493
231, 228, 244, 247, 0.0201267
231, 228, 245, 248, 0.0165486
230, 229, 231, 232, 1.66537
230, 229, 232, 233, 0.370774
230, 229, 233, 234, 0.138539
230, 229, 234, 235, 0.0668602
230, 229, 235, 236, 0.0385916
230, 229, 236, 237, 0.0256091
231, 229, 242, 244, 0.0171923
231, 229, 243, 245, 0.0135731
232, 229, 245, 248, 0.0196029
231, 230, 232, 233, 1.76272
231, 230, 233, 234, 0.379826
231, 230, 234, 235, 0.137891
231, 230, 235, 236, 0.0669368
231, 230, 236, 237, 0.0398432
231, 230, 237, 238, 0.0247024
232, 230, 242, 244, 0.0216746
232, 230, 243, 245, 0.0173268
232, 230, 244, 246, 0.0138683
232, 231, 233, 234, 1.82609
232, 231, 234, 235, 0.381417
232, 231, 235, 236, 0.142406
232, 231, 236, 237, 0.0679678
232, 231, 237, 238, 0.0394885
232, 231, 238, 239, 0.0251261
233, 231, 242, 244, 0.0286877
233, 231, 243, 245, 0.0220531
233, 231, 244, 246, 0.016983
233, 231, 245, 247, 0.013652
233, 232, 234, 235, 1.77001
233, 232, 235, 236, 0.381711
233, 232, 236, 237, 0.143852
233, 232, 237, 238, 0.0674907
233, 232, 238, 239, 0.0390994
234, 232, 242, 244, 0.0381749
234, 232, 243, 245, 0.028277
234, 232, 244, 246, 0.0218008
234, 232, 245, 247, 0.0169145
234, 232, 246, 248, 0.0129428
234, 233, 235, 236, 1.59943
234, 233, 236, 237, 0.373822
234, 233, 237, 238, 0.135877
234, 233, 238, 239, 0.0680066
235, 233, 242, 244, 0.0512105
235, 233, 243, 245, 0.0382776
235, 233, 244, 246, 0.0286285
235, 233, 245, 247, 0.0217576
235, 233, 246, 248, 0.0158888
235, 234, 236, 237, 1.76667
235, 234, 237, 238, 0.379904
235, 234, 238, 239, 0.141502
236, 234, 243, 245, 0.0516837
236, 234, 244, 246, 0.0377419
236, 234, 245, 247, 0.0281685
236, 234, 246, 248, 0.0203899
236, 235, 237, 238, 1.76139
236, 235, 238, 239, 0.388329
236, 235, 242, 243, 0.02578
237, 235, 244, 246, 0.051677
237, 235, 245, 247, 0.0363536
237, 235, 246, 248, 0.0268291
237, 236, 238, 239, 1.73139
237, 236, 242, 243, 0.0400295
237, 236, 243, 244, 0.0249189
238, 236, 245, 247, 0.048876
238, 236, 246, 248, 0.0354229
238, 237, 242, 243, 0.0697322
238, 237, 243, 244, 0.0386055
238, 237, 244, 245, 0.0248329
239, 237, 246, 248, 0.0484049
239, 238, 242, 243, 0.1382
239, 238, 243, 244, 0.0672618
239, 238, 244, 245, 0.0395308
239, 238, 245, 246, 0.0249616
243, 242, 244, 245, 1.70447
243, 242, 245, 246, 0.361076
243, 242, 246, 247, 0.131528
243, 242, 247, 248, 0.0617336
244, 243, 245, 246, 1.7902
244, 243, 246, 247, 0.372884
244, 243, 247, 248, 0.133679
245, 244, 246, 247, 1.65402
245, 244, 247, 248, 0.348092
246, 245, 247, 248, 1.61609
102, 101, 103, 104, 0.612547
102, 101, 104, 105, 0.210579
102, 101, 105, 106, 0.0845003
102, 101, 106, 107, 0.0407021
102, 101, 107, 108, 0.0224699
102, 101, 108, 109, 0.0136802
103, 101, 115, 117, 0.0120568
104, 101, 117, 120, 0.0239307
104, 101, 118, 121, 0.019079
104, 101, 119, 122, 0.0158895
104, 101, 120, 123, 0.0149871
104, 101, 121, 124, 0.014723
104, 101, 122, 125, 0.0137547
105, 101, 124, 128, 0.0173335
105, 101, 125, 129, 0.0148523
105, 101, 126, 130, 0.0127698
105, 101, 127, 131, 0.0112
105, 101, 128, 132, 0.00967724
105, 101, 129, 133, 0.008604
106, 101, 131, 136, 0.0101078
106, 101, 132, 137, 0.00906655
106, 101, 133, 138, 0.00809022
106, 101, 134, 139, 0.00699666
106, 101, 135, 140, 0.00649291
106, 101, 136, 141, 0.00568787
107, 101, 138, 144, 0.0064448
107, 101, 139, 145, 0.00598383
107, 101, 140, 146, 0.00532515
107, 101, 141, 147, 0.0048192
107, 101, 142, 148, 0.00435204
103, 102, 104, 105, 1.7147
103, 102, 105, 106, 0.395361
103, 102, 106, 107, 0.146562
103, 102, 107, 108, 0.068039
103, 102, 108, 109, 0.0373163
103, 102, 109, 110, 0.0211746
104, 102, 115, 117, 0.0201129
104, 102, 116, 118, 0.017699
105, 102, 118, 121, 0.0268314
105, 102, 119, 122, 0.021607
105, 102, 120, 123, 0.0201357
105, 102, 121, 124, 0.0188847
105, 102, 122, 125, 0.0174001
105, 102, 123, 126, 0.0143325
106, 102, 125, 129, 0.0176758
106, 102, 126, 130, 0.0147293
106, 102, 127, 131, 0.0126678
106, 102, 128, 132, 0.0111016
106, 102, 129, 133, 0.00956625
106, 102, 130, 134, 0.00842718
107, 102, 132, 137, 0.0100719
107, 102, 133, 138, 0.00851929
107, 102, 134, 139, 0.00761495
107, 102, 135, 140, 0.00670589
107, 102, 136, 141, 0.0061401
107, 102, 137, 142, 0.00541698
108, 102, 139, 145, 0.00631437
108, 102, 140, 146, 0.00566768
108, 102, 141, 147, 0.00515557
108, 102, 142, 148, 0.00458036
104, 103, 105, 106, 1.59525
104, 103, 106, 107, 0.334425
104, 103, 107, 108, 0.119013
104, 103, 108, 109, 0.0558826
104, 103, 109, 110, 0.0289421
105, 103, 115, 117, 0.0284934
105, 103, 116, 118, 0.0224775
105, 103, 117, 119, 0.0182391
106, 103, 119, 122, 0.0265921
106, 103, 120, 123, 0.0233796
106, 103, 121, 124, 0.022099
106, 103, 122, 125, 0.0199493
106, 103, 123, 126, 0.0154433
106, 103, 124, 127, 0.0129549
107, 103, 126, 130, 0.0158921
107, 103, 127, 131, 0.0134292
107, 103, 128, 132, 0.0115492
107, 103, 129, 133, 0.00984127
107, 103, 130, 134, 0.00849459
107, 103, 131, 135, 0.0073952
108, 103, 133, 138, 0.00842547
108, 103, 134, 139, 0.00738274
108, 103, 135, 140, 0.0066527
108, 103, 136, 141, 0.00586207
108, 103, 137, 142, 0.00533332
108, 103, 138, 143, 0.00479285
109, 103, 140, 146, 0.00533496
109, 103, 141, 147, 0.00480725
109, 103, 142, 148, 0.004366
105, 104, 106, 107, 1.5337
105, 104, 107, 108, 0.342346
105, 104, 108, 109, 0.121392
105, 104, 109, 110, 0.0537858
106, 104, 115, 117, 0.0412759
106, 104, 116, 118, 0.0321008
106, 104, 117, 119, 0.0256956
106, 104, 118, 120, 0.0192588
107, 104, 120, 123, 0.0299764
107, 104, 121, 124, 0.0279244
107, 104, 122, 125, 0.0240448
107, 104, 123, 126, 0.0189153
107, 104, 124, 127, 0.0147277
107, 104, 125, 128, 0.0124006
108, 104, 127, 131, 0.0148799
108, 104, 128, 132, 0.0124656
108, 104, 129, 133, 0.0108431
108, 104, 130, 134, 0.00948703
108, 104, 131, 135, 0.00807613
108, 104, 132, 136, 0.0070226
109, 104, 134, 139, 0.00816041
109, 104, 135, 140, 0.00707732
109, 104, 136, 141, 0.00631675
109, 104, 137, 142, 0.00547106
109, 104, 138, 143, 0.0050298
109, 104, 139, 144, 0.00448814
110, 104, 141, 147, 0.0050339
110, 104, 142, 148, 0.0044736
106, 105, 107, 108, 1.60768
106, 105, 108, 109, 0.339508
106, 105, 109, 110, 0.11616
107, 105, 115, 117, 0.0637082
107, 105, 116, 118, 0.048618
107, 105, 117, 119, 0.0357656
107, 105, 118, 120, 0.0265756
107, 105, 119, 121, 0.018639
108, 105, 121, 124, 0.0341803
108, 105, 122, 125, 0.028919
108, 105, 123, 126, 0.0226042
108, 105, 124, 127, 0.017687
108, 105, 125, 128, 0.0141053
108, 105, 126, 129, 0.0114501
109, 105, 128, 132, 0.0136631
109, 105, 129, 133, 0.0116913
109, 105, 130, 134, 0.0102968
109, 105, 131, 135, 0.0088627
109, 105, 132, 136, 0.00744996
109, 105, 133, 137, 0.00636977
110, 105, 135, 140, 0.00726533
110, 105, 136, 141, 0.00644652
110, 105, 137, 142, 0.00576923
110, 105, 138, 143, 0.00520587
110, 105, 139, 144, 0.0047077
110, 105, 140, 145, 0.00415767
107, 106, 108, 109, 1.49802
107, 106, 109, 110, 0.319375
108, 106, 115, 117, 0.107118
108, 106, 116, 118, 0.0765732
108, 106, 117, 119, 0.0530005
108, 106, 118, 120, 0.0365542
108, 106, 119, 121, 0.0253926
108, 106, 120, 122, 0.0196765
109, 106, 122, 125, 0.0351532
109, 106, 123, 126, 0.0264812
109, 106, 124, 127, 0.0207697
109, 106, 125, 128, 0.0160832
109, 106, 126, 129, 0.0132356
109, 106, 127, 130, 0.0108356
110, 106, 129, 133, 0.0127083
110, 106, 130, 134, 0.0108449
110, 106, 131, 135, 0.00943539
110, 106, 132, 136, 0.00798264
110, 106, 133, 137, 0.00688636
110, 106, 134, 138, 0.00601222
108, 107, 109, 110, 1.43319
109, 107, 116, 118, 0.125946
109, 107, 117, 119, 0.0821955
109, 107, 118, 120, 0.0538189
109, 107, 119, 121, 0.0341428
109, 107, 120, 122, 0.0257836
109, 107, 121, 123, 0.0242208
110, 107, 123, 126, 0.0302074
110, 107, 124, 127, 0.0229062
110, 107, 125, 128, 0.0179178
110, 107, 126, 129, 0.0143465
110, 107, 127, 130, 0.0117798
110, 107, 128, 131, 0.00955766
109, 108, 115, 116, 0.0756728
110, 108, 117, 119, 0.124869
110, 108, 118, 120, 0.0748009
110, 108, 119, 121, 0.0459453
110, 108, 120, 122, 0.0328366
110, 108, 121, 123, 0.0293993
110, 108, 122, 124, 0.0231755
110, 109, 115, 116, 0.137852
110, 109, 116, 117, 0.0835934
115, 110, 140, 145, 0.00180552
115, 110, 141, 146, 0.0016053
115, 110, 142, 147, 0.00139986
115, 110, 143, 148, 0.00127677
116, 115, 117, 118, 1.50972
116, 115, 118, 119, 0.334716
116, 115, 119, 120, 0.124198
116, 115, 120, 121, 0.0517297
116, 115, 121, 122, 0.0346609
116, 115, 122, 123, 0.02629
117, 115, 124, 126, 0.0411484
117, 115, 125, 127, 0.0288672
117, 115, 126, 128, 0.0202969
117, 115, 127, 129, 0.0156934
117, 115, 128, 130, 0.011738
117, 115, 129, 131, 0.00928462
118, 115, 131, 134, 0.0140415
118, 115, 132, 135, 0.0117772
118, 115, 133, 136, 0.00966719
118, 115, 134, 137, 0.00817063
118, 115, 135, 138, 0.00705908
118, 115, 136, 139, 0.00598872
119, 115, 138, 142, 0.00794766
119, 115, 139, 143, 0.00703586
119, 115, 140, 144, 0.00620756
119, 115, 141, 145, 0.00557496
119, 115, 142, 146, 0.00480195
119, 115, 143, 147, 0.00424417
117, 116, 118, 119, 1.6363
117, 116, 119, 120, 0.340851
117, 116, 120, 121, 0.109602
117, 116, 121, 122, 0.0643157
117, 116, 122, 123, 0.0441795
117, 116, 123, 124, 0.0236461
118, 116, 125, 127, 0.0385693
118, 116, 126, 128, 0.027482
118, 116, 127, 129, 0.0197523
118, 116, 128, 130, 0.0148267
118, 116, 129, 131, 0.0115479
118, 116, 130, 132, 0.00917062
119, 116, 132, 135, 0.0136608
119, 116, 133, 136, 0.0112239
119, 116, 134, 137, 0.00923702
119, 116, 135, 138, 0.00804386
119, 116, 136, 139, 0.00660742
119, 116, 137, 140, 0.00576032
120, 116, 139, 143, 0.00788944
120, 116, 140, 144, 0.00676526
120, 116, 141, 145, 0.00605992
120, 116, 142, 146, 0.00525351
120, 116, 143, 147, 0.00466769
120, 116, 144, 148, 0.00400009
118, 117, 119, 120, 1.48861
118, 117, 120, 121, 0.302805
118, 117, 121, 122, 0.134802
118, 117, 122, 123, 0.0794487
118, 117, 123, 124, 0.0394926
118, 117, 124, 125, 0.0215866
119, 117, 126, 128, 0.0374176
119, 117, 127, 129, 0.0258096
119, 117, 128, 130, 0.0191223
119, 117, 129, 131, 0.0141171
119, 117, 130, 132, 0.0112935
119, 117, 131, 133, 0.00911211
120, 117, 133, 136, 0.0128796
120, 117, 134, 137, 0.0107372
120, 117, 135, 138, 0.00880497
120, 117, 136, 139, 0.00745368
120, 117, 137, 140, 0.0064737
120, 117, 138, 141, 0.00549007
121, 117, 140, 144, 0.00733476
121, 117, 141, 145, 0.00634586
121, 117, 142, 146, 0.00563225
121, 117, 143, 147, 0.00487529
121, 117, 144, 148, 0.00426691
119, 118, 120, 121, 1.52416
119, 118, 121, 122, 0.387274
119, 118, 122, 123, 0.181018
119, 118, 123, 124, 0.0701752
119, 118, 124, 125, 0.0357053
119, 118, 125, 126, 0.0199222
120, 118, 127, 129, 0.0348318
120, 118, 128, 130, 0.0238017
120, 118, 129, 131, 0.0176075
120, 118, 130, 132, 0.0138114
120, 118, 131, 133, 0.0108542
120, 118, 132, 134, 0.00838393
121, 118, 134, 137, 0.0120603
121, 118, 135, 138, 0.00975409
121, 118, 136, 139, 0.00836494
121, 118, 137, 140, 0.00692532
121, 118, 138, 141, 0.00591798
121, 118, 139, 142, 0.00530053
122, 118, 141, 145, 0.00759783
122, 118, 142, 146, 0.00673469
122, 118, 143, 147, 0.00579671
122, 118, 144, 148, 0.00506387
120, 119, 121, 122, 1.76509
120, 119, 122, 123, 0.516146
120, 119, 123, 124, 0.15334
120, 119, 124, 125, 0.063045
120, 119, 125, 126, 0.0317455
120, 119, 126, 127, 0.0183334
121, 119, 128, 130, 0.0303686
121, 119, 129, 131, 0.0216478
121, 119, 130, 132, 0.0158072
121, 119, 131, 133, 0.0125147
121, 119, 132, 134, 0.00966281
121, 119, 133, 135, 0.00754887
122, 119, 135, 138, 0.0129856
122, 119, 136, 139, 0.010758
122, 119, 137, 140, 0.00897186
122, 119, 138, 141, 0.0076172
122, 119, 139, 142, 0.00653328
122, 119, 140, 143, 0.00570026
123, 119, 142, 146, 0.00857046
123, 119, 143, 147, 0.00758324
123, 119, 144, 148, 0.0065718
121, 120, 122, 123, 2.56066
121, 120, 123, 124, 0.434862
121, 120, 124, 125, 0.131152
121, 120, 125, 126, 0.0525872
121, 120, 126, 127, 0.0262803
121, 120, 127, 128, 0.0156991
122, 120, 129, 131, 0.0374098
122, 120, 130, 132, 0.0263286
122, 120, 131, 133, 0.0193416
122, 120, 132, 134, 0.0143792
122, 120, 133, 135, 0.0111053
122, 120, 134, 136, 0.0086802
123, 120, 136, 139, 0.0157269
123, 120, 137, 140, 0.0127986
123, 120, 138, 141, 0.0107878
123, 120, 139, 142, 0.00921409
123, 120, 140, 143, 0.00770318
123, 120, 141, 144, 0.00675891
124, 120, 143, 147, 0.00934694
124, 120, 144, 148, 0.00811496
122, 121, 123, 124, 5.44644
122, 121, 124, 125, 0.812437
122, 121, 125, 126, 0.227343
122, 121, 126, 127, 0.0873507
122, 121, 127, 128, 0.0423471
122, 121, 128, 129, 0.0234045
123, 121, 130, 132, 0.049102
123, 121, 131, 133, 0.035164
123, 121, 132, 134, 0.0251144
123, 121, 133, 135, 0.0187926
123, 121, 134, 136, 0.0144895
123, 121, 135, 137, 0.0115414
124, 121, 137, 140, 0.017341
124, 121, 138, 141, 0.0147462
124, 121, 139, 142, 0.0122468
124, 121, 140, 143, 0.0102428
124, 121, 141, 144, 0.00866956
124, 121, 142, 145, 0.00757154
125, 121, 144, 148, 0.00983878
123, 122, 124, 125, 5.68165
123, 122, 125, 126, 0.939197
123, 122, 126, 127, 0.275268
123, 122, 127, 128, 0.113987
123, 122, 128, 129, 0.0520769
123, 122, 129, 130, 0.0308279
124, 122, 131, 133, 0.0527282
124, 122, 132, 134, 0.03741
124, 122, 133, 135, 0.0271026
124, 122, 134, 136, 0.0200122
124, 122, 135, 137, 0.0151843
124, 122, 136, 138, 0.0121196
125, 122, 138, 141, 0.0185327
125, 122, 139, 142, 0.0149291
125, 122, 140, 143, 0.0128815
125, 122, 141, 144, 0.0104715
125, 122, 142, 145, 0.0090933
125, 122, 143, 146, 0.00780439
124, 123, 125, 126, 5.58355
124, 123, 126, 127, 0.964068
124, 123, 127, 128, 0.285106
124, 123, 128, 129, 0.109612
124, 123, 129, 130, 0.0534988
124, 123, 130, 131, 0.0306392
125, 123, 132, 134, 0.0540387
125, 123, 133, 135, 0.0375115
125, 123, 134, 136, 0.0265476
125, 123, 135, 137, 0.0192744
125, 123, 136, 138, 0.014765
125, 123, 137, 139, 0.0120263
126, 123, 139, 142, 0.0179674
126, 123, 140, 143, 0.0146783
126, 123, 141, 144, 0.0123479
126, 123, 142, 145, 0.0105264
126, 123, 143, 146, 0.00879474
126, 123, 144, 147, 0.00755632
125, 124, 126, 127, 5.97602
125, 124, 127, 128, 1.0249
125, 124, 128, 129, 0.285531
125, 124, 129, 130, 0.116599
125, 124, 130, 131, 0.0559971
125, 124, 131, 132, 0.0312636
126, 124, 133, 135, 0.054309
126, 124, 134, 136, 0.0371096
126, 124, 135, 137, 0.0265233
126, 124, 136, 138, 0.0193268
126, 124, 137, 139, 0.0151399
126, 124, 138, 140, 0.0120828
127, 124, 140, 143, 0.0178708
127, 124, 141, 144, 0.0149247
127, 124, 142, 145, 0.0121663
127, 124, 143, 146, 0.010089
127, 124, 144, 147, 0.00848168
127, 124, 145, 148, 0.00707841
126, 125, 127, 128, 6.24092
126, 125, 128, 129, 0.969457
126, 125, 129, 130, 0.301774
126, 125, 130, 131, 0.11979
126, 125, 131, 132, 0.0584529
126, 125, 132, 133, 0.031239
127, 125, 134, 136, 0.054877
127, 125, 135, 137, 0.0366082
127, 125, 136, 138, 0.0264069
127, 125, 137, 139, 0.0201028
127, 125, 138, 140, 0.0150963
127, 125, 139, 141, 0.0121739
128, 125, 141, 144, 0.0179777
128, 125, 142, 145, 0.0148071
128, 125, 143, 146, 0.0122547
128, 125, 144, 147, 0.0102903
128, 125, 145, 148, 0.00827792
127, 126, 128, 129, 5.63239
127, 126, 129, 130, 1.03875
127, 126, 130, 131, 0.304071
127, 126, 131, 132, 0.120349
127, 126, 132, 133, 0.0582269
127, 126, 133, 134, 0.0326589
128, 126, 135, 137, 0.0542791
128, 126, 136, 138, 0.0379078
128, 126, 137, 139, 0.0268804
128, 126, 138, 140, 0.0203668
128, 126, 139, 141, 0.0155898
128, 126, 140, 142, 0.012326
129, 126, 142, 145, 0.0181158
129, 126, 143, 146, 0.0145556
129, 126, 144, 147, 0.0120816
129, 126, 145, 148, 0.0098331
128, 127, 129, 130, 6.14229
128, 127, 130, 131, 1.0161
128, 127, 131, 132, 0.294825
128, 127, 132, 133, 0.117169
128, 127, 133, 134, 0.0580003
128, 127, 134, 135, 0.0329566
129, 127, 136, 138, 0.0561924
129, 127, 137, 139, 0.0377913
129, 127, 138, 140, 0.0276371
129, 127, 139, 141, 0.0200336
129, 127, 140, 142, 0.0155765
129, 127, 141, 143, 0.0125436
130, 127, 143, 146, 0.018321
130, 127, 144, 147, 0.0146523
130, 127, 145, 148, 0.011951
129, 128, 130, 131, 6.05648
129, 128, 131, 132, 1.05322
129, 128, 132, 133, 0.298084
129, 128, 133, 134, 0.122377
129, 128, 134, 135, 0.061105
129, 128, 135, 136, 0.0336161
130, 128, 137, 139, 0.0561254
130, 128, 138, 140, 0.038622
130, 128, 139, 141, 0.0278803
130, 128, 140, 142, 0.0209529
130, 128, 141, 143, 0.015817
130, 128, 142, 144, 0.012259
131, 128, 144, 147, 0.0186675
131, 128, 145, 148, 0.0146887
130, 129, 131, 132, 6.06555
130, 129, 132, 133, 1.02826
130, 129, 133, 134, 0.311363
130, 129, 134, 135, 0.126761
130, 129, 135, 136, 0.0596721
130, 129, 136, 137, 0.0333929
131, 129, 138, 140, 0.0583659
131, 129, 139, 141, 0.0401588
131, 129, 140, 142, 0.0286342
131, 129, 141, 143, 0.0213136
131, 129, 142, 144, 0.0159576
131, 129, 143, 145, 0.0123834
132, 129, 145, 148, 0.0181906
131, 130, 132, 133, 5.89228
131, 130, 133, 134, 1.08066
131, 130, 134, 135, 0.325969
131, 130, 135, 136, 0.124697
131, 130, 136, 137, 0.0632767
131, 130, 137, 138, 0.034071
132, 130, 139, 141, 0.0586221
132, 130, 140, 142, 0.0411363
132, 130, 141, 143, 0.029494
132, 130, 142, 144, 0.021481
132, 130, 143, 145, 0.0166864
132, 130, 144, 146, 0.012626
132, 131, 133, 134, 5.99448
132, 131, 134, 135, 1.07309
132, 131, 135, 136, 0.31683
132, 131, 136, 137, 0.128571
132, 131, 137, 138, 0.0631706
132, 131, 138, 139, 0.0333916
133, 131, 140, 142, 0.0592587
133, 131, 141, 143, 0.0417305
133, 131, 142, 144, 0.0287508
133, 131, 143, 145, 0.0222004
133, 131, 144, 146, 0.0168608
133, 131, 145, 147, 0.0127394
133, 132, 134, 135, 6.19715
133, 132, 135, 136, 1.0689
133, 132, 136, 137, 0.319568
133, 132, 137, 138, 0.126986
133, 132, 138, 139, 0.0620903
133, 132, 139, 140, 0.0346365
134, 132, 141, 143, 0.0595447
134, 132, 142, 144, 0.0414415
134, 132, 143, 145, 0.0298315
134, 132, 144, 146, 0.0214881
134, 132, 145, 147, 0.0166479
134, 132, 146, 148, 0.0123481
134, 133, 135, 136, 6.03291
134, 133, 136, 137, 1.08297
134, 133, 137, 138, 0.320989
134, 133, 138, 139, 0.124078
134, 133, 139, 140, 0.0634658
134, 133, 140, 141, 0.0347353
135, 133, 142, 144, 0.0599887
135, 133, 143, 145, 0.0410837
135, 133, 144, 146, 0.02884
135, 133, 145, 147, 0.0214526
135, 133, 146, 148, 0.0157001
135, 134, 136, 137, 6.19611
135, 134, 137, 138, 1.02517
135, 134, 138, 139, 0.312126
135, 134, 139, 140, 0.126062
135, 134, 140, 141, 0.0622887
135, 134, 141, 142, 0.0356558
136, 134, 143, 145, 0.0610153
136, 134, 144, 146, 0.0414301
136, 134, 145, 147, 0.0291685
136, 134, 146, 148, 0.0206141
136, 135, 137, 138, 5.83373
136, 135, 138, 139, 1.05202
136, 135, 139, 140, 0.310719
136, 135, 140, 141, 0.12847
136, 135, 141, 142, 0.0649403
136, 135, 142, 143, 0.0357366
137, 135, 144, 146, 0.0595731
137, 135, 145, 147, 0.040411
137, 135, 146, 148, 0.0282735
137, 136, 138, 139, 5.9858
137, 136, 139, 140, 1.01815
137, 136, 140, 141, 0.310137
137, 136, 141, 142, 0.129051
137, 136, 142, 143, 0.0619167
137, 136, 143, 144, 0.0351162
138, 136, 145, 147, 0.0587491
138, 136, 146, 148, 0.0388262
138, 137, 139, 140, 5.70695
138, 137, 140, 141, 0.981336
138, 137, 141, 142, 0.311177
138, 137, 142, 143, 0.123976
138, 137, 143, 144, 0.0619232
138, 137, 144, 145, 0.0345846
139, 137, 146, 148, 0.0588324
139, 138, 140, 141, 5.74511
139, 138, 141, 142, 1.07251
139, 138, 142, 143, 0.312208
139, 138, 143, 144, 0.128766
139, 138, 144, 145, 0.0632467
139, 138, 145, 146, 0.0363015
140, 139, 141, 142, 6.158
140, 139, 142, 143, 1.01946
140, 139, 143, 144, 0.314055
140, 139, 144, 145, 0.125676
140, 139, 145, 146, 0.0641654
140, 139, 146, 147, 0.0350136
141, 140, 142, 143, 5.90934
141, 140, 143, 144, 1.04587
141, 140, 144, 145, 0.323991
141, 140, 145, 146, 0.133475
141, 140, 146, 147, 0.065532
141, 140, 147, 148, 0.0340853
142, 141, 143, 144, 5.77574
142, 141, 144, 145, 1.01031
142, 141, 145, 146, 0.314973
142, 141, 146, 147, 0.127609
142, 141, 147, 148, 0.0611588
143, 142, 144, 145, 6.11522
143, 142, 145, 146, 1.07816
143, 142, 146, 147, 0.315441
143, 142, 147, 148, 0.125867
144, 143, 145, 146, 6.10916
144, 143, 146, 147, 1.02835
144, 143, 147, 148, 0.307454
145, 144, 146, 147, 6.25847
145, 144, 147, 148, 1.05633
146, 145, 147, 148, 6.17455
